gw_sku,product_name,retailer,price,url,in_stock
48-75,Space Marine Intercessors,Games Workshop,,,
48-75,Space Marine Intercessors,Miniature Market,,,
48-75,Space Marine Intercessors,Noble Knight Games,,,
48-75,Space Marine Intercessors,Amazon,,,
48-76,Space Marine Assault Intercessors,Games Workshop,,,
48-76,Space Marine Assault Intercessors,Miniature Market,,,
48-76,Space Marine Assault Intercessors,Noble Knight Games,,,
48-76,Space Marine Assault Intercessors,Amazon,,,
48-94,Space Marine Impulsor,Games Workshop,,,
48-94,Space Marine Impulsor,Miniature Market,,,
48-94,Space Marine Impulsor,Noble Knight Games,,,
48-94,Space Marine Impulsor,Amazon,,,
48-85,Space Marine Repulsor,Games Workshop,,,
48-85,Space Marine Repulsor,Miniature Market,,,
48-85,Space Marine Repulsor,Noble Knight Games,,,
48-85,Space Marine Repulsor,Amazon,,,
48-62,Space Marine Primaris Captain,Games Workshop,,,
48-62,Space Marine Primaris Captain,Miniature Market,,,
48-62,Space Marine Primaris Captain,Noble Knight Games,,,
48-62,Space Marine Primaris Captain,Amazon,,,
71-02,Space Marine Combat Patrol,Games Workshop,,,
71-02,Space Marine Combat Patrol,Miniature Market,,,
71-02,Space Marine Combat Patrol,Noble Knight Games,,,
71-02,Space Marine Combat Patrol,Amazon,,,
48-45,Space Marine Infernus Squad,Games Workshop,,,
48-45,Space Marine Infernus Squad,Miniature Market,,,
48-45,Space Marine Infernus Squad,Noble Knight Games,,,
48-45,Space Marine Infernus Squad,Amazon,,,
48-43,Space Marine Sternguard Veteran Squad,Games Workshop,,,
48-43,Space Marine Sternguard Veteran Squad,Miniature Market,,,
48-43,Space Marine Sternguard Veteran Squad,Noble Knight Games,,,
48-43,Space Marine Sternguard Veteran Squad,Amazon,,,
48-06,Space Marine Terminator Squad,Games Workshop,,,
48-06,Space Marine Terminator Squad,Miniature Market,,,
48-06,Space Marine Terminator Squad,Noble Knight Games,,,
48-06,Space Marine Terminator Squad,Amazon,,,
48-07,Space Marine Terminator Assault Squad,Games Workshop,,,
48-07,Space Marine Terminator Assault Squad,Miniature Market,,,
48-07,Space Marine Terminator Assault Squad,Noble Knight Games,,,
48-07,Space Marine Terminator Assault Squad,Amazon,,,
48-15,Space Marine Devastator Squad,Games Workshop,,,
48-15,Space Marine Devastator Squad,Miniature Market,,,
48-15,Space Marine Devastator Squad,Noble Knight Games,,,
48-15,Space Marine Devastator Squad,Amazon,,,
48-40,Space Marine Outriders,Games Workshop,,,
48-40,Space Marine Outriders,Miniature Market,,,
48-40,Space Marine Outriders,Noble Knight Games,,,
48-40,Space Marine Outriders,Amazon,,,
48-42,Space Marine Invader ATV,Games Workshop,,,
48-42,Space Marine Invader ATV,Miniature Market,,,
48-42,Space Marine Invader ATV,Noble Knight Games,,,
48-42,Space Marine Invader ATV,Amazon,,,
48-93,Space Marine Redemptor Dreadnought,Games Workshop,,,
48-93,Space Marine Redemptor Dreadnought,Miniature Market,,,
48-93,Space Marine Redemptor Dreadnought,Noble Knight Games,,,
48-93,Space Marine Redemptor Dreadnought,Amazon,,,
48-44,Space Marine Brutalis Dreadnought,Games Workshop,,,
48-44,Space Marine Brutalis Dreadnought,Miniature Market,,,
48-44,Space Marine Brutalis Dreadnought,Noble Knight Games,,,
48-44,Space Marine Brutalis Dreadnought,Amazon,,,
48-46,Space Marine Ballistus Dreadnought,Games Workshop,,,
48-46,Space Marine Ballistus Dreadnought,Miniature Market,,,
48-46,Space Marine Ballistus Dreadnought,Noble Knight Games,,,
48-46,Space Marine Ballistus Dreadnought,Amazon,,,
48-21,Space Marine Land Raider,Games Workshop,,,
48-21,Space Marine Land Raider,Miniature Market,,,
48-21,Space Marine Land Raider,Noble Knight Games,,,
48-21,Space Marine Land Raider,Amazon,,,
48-22,Space Marine Land Raider Crusader,Games Workshop,,,
48-22,Space Marine Land Raider Crusader,Miniature Market,,,
48-22,Space Marine Land Raider Crusader,Noble Knight Games,,,
48-22,Space Marine Land Raider Crusader,Amazon,,,
48-23,Space Marine Predator Destructor,Games Workshop,,,
48-23,Space Marine Predator Destructor,Miniature Market,,,
48-23,Space Marine Predator Destructor,Noble Knight Games,,,
48-23,Space Marine Predator Destructor,Amazon,,,
48-25,Space Marine Whirlwind,Games Workshop,,,
48-25,Space Marine Whirlwind,Miniature Market,,,
48-25,Space Marine Whirlwind,Noble Knight Games,,,
48-25,Space Marine Whirlwind,Amazon,,,
48-26,Space Marine Vindicator,Games Workshop,,,
48-26,Space Marine Vindicator,Miniature Market,,,
48-26,Space Marine Vindicator,Noble Knight Games,,,
48-26,Space Marine Vindicator,Amazon,,,
48-95,Space Marine Repulsor Executioner,Games Workshop,,,
48-95,Space Marine Repulsor Executioner,Miniature Market,,,
48-95,Space Marine Repulsor Executioner,Noble Knight Games,,,
48-95,Space Marine Repulsor Executioner,Amazon,,,
48-30,Space Marine Librarian,Games Workshop,,,
48-30,Space Marine Librarian,Miniature Market,,,
48-30,Space Marine Librarian,Noble Knight Games,,,
48-30,Space Marine Librarian,Amazon,,,
48-32,Space Marine Chaplain,Games Workshop,,,
48-32,Space Marine Chaplain,Miniature Market,,,
48-32,Space Marine Chaplain,Noble Knight Games,,,
48-32,Space Marine Chaplain,Amazon,,,
48-33,Space Marine Apothecary,Games Workshop,,,
48-33,Space Marine Apothecary,Miniature Market,,,
48-33,Space Marine Apothecary,Noble Knight Games,,,
48-33,Space Marine Apothecary,Amazon,,,
48-34,Space Marine Ancient,Games Workshop,,,
48-34,Space Marine Ancient,Miniature Market,,,
48-34,Space Marine Ancient,Noble Knight Games,,,
48-34,Space Marine Ancient,Amazon,,,
48-29,Space Marine Scouts,Games Workshop,,,
48-29,Space Marine Scouts,Miniature Market,,,
48-29,Space Marine Scouts,Noble Knight Games,,,
48-29,Space Marine Scouts,Amazon,,,
48-41,Space Marine Infiltrators,Games Workshop,,,
48-41,Space Marine Infiltrators,Miniature Market,,,
48-41,Space Marine Infiltrators,Noble Knight Games,,,
48-41,Space Marine Infiltrators,Amazon,,,
48-96,Space Marine Incursors,Games Workshop,,,
48-96,Space Marine Incursors,Miniature Market,,,
48-96,Space Marine Incursors,Noble Knight Games,,,
48-96,Space Marine Incursors,Amazon,,,
48-98,Space Marine Eliminators,Games Workshop,,,
48-98,Space Marine Eliminators,Miniature Market,,,
48-98,Space Marine Eliminators,Noble Knight Games,,,
48-98,Space Marine Eliminators,Amazon,,,
48-99,Space Marine Suppressors,Games Workshop,,,
48-99,Space Marine Suppressors,Miniature Market,,,
48-99,Space Marine Suppressors,Noble Knight Games,,,
48-99,Space Marine Suppressors,Amazon,,,
48-97,Space Marine Inceptors,Games Workshop,,,
48-97,Space Marine Inceptors,Miniature Market,,,
48-97,Space Marine Inceptors,Noble Knight Games,,,
48-97,Space Marine Inceptors,Amazon,,,
48-92,Space Marine Aggressors,Games Workshop,,,
48-92,Space Marine Aggressors,Miniature Market,,,
48-92,Space Marine Aggressors,Noble Knight Games,,,
48-92,Space Marine Aggressors,Amazon,,,
48-36,Space Marine Judiciar,Games Workshop,,,
48-36,Space Marine Judiciar,Miniature Market,,,
48-36,Space Marine Judiciar,Noble Knight Games,,,
48-36,Space Marine Judiciar,Amazon,,,
48-61,Space Marine Primaris Lieutenant,Games Workshop,,,
48-61,Space Marine Primaris Lieutenant,Miniature Market,,,
48-61,Space Marine Primaris Lieutenant,Noble Knight Games,,,
48-61,Space Marine Primaris Lieutenant,Amazon,,,
48-37,Space Marine Company Heroes,Games Workshop,,,
48-37,Space Marine Company Heroes,Miniature Market,,,
48-37,Space Marine Company Heroes,Noble Knight Games,,,
48-37,Space Marine Company Heroes,Amazon,,,
48-38,Space Marine Bladeguard Veterans,Games Workshop,,,
48-38,Space Marine Bladeguard Veterans,Miniature Market,,,
48-38,Space Marine Bladeguard Veterans,Noble Knight Games,,,
48-38,Space Marine Bladeguard Veterans,Amazon,,,
48-27,Space Marine Hammerfall Bunker,Games Workshop,,,
48-27,Space Marine Hammerfall Bunker,Miniature Market,,,
48-27,Space Marine Hammerfall Bunker,Noble Knight Games,,,
48-27,Space Marine Hammerfall Bunker,Amazon,,,
48-28,Space Marine Firestrike Servo-Turrets,Games Workshop,,,
48-28,Space Marine Firestrike Servo-Turrets,Miniature Market,,,
48-28,Space Marine Firestrike Servo-Turrets,Noble Knight Games,,,
48-28,Space Marine Firestrike Servo-Turrets,Amazon,,,
48-39,Space Marine Eradicators,Games Workshop,,,
48-39,Space Marine Eradicators,Miniature Market,,,
48-39,Space Marine Eradicators,Noble Knight Games,,,
48-39,Space Marine Eradicators,Amazon,,,
48-08,Space Marine Vanguard Veteran Squad,Games Workshop,,,
48-08,Space Marine Vanguard Veteran Squad,Miniature Market,,,
48-08,Space Marine Vanguard Veteran Squad,Noble Knight Games,,,
48-08,Space Marine Vanguard Veteran Squad,Amazon,,,
55-16,Ultramarines Honour Guard,Games Workshop,,,
55-16,Ultramarines Honour Guard,Miniature Market,,,
55-16,Ultramarines Honour Guard,Noble Knight Games,,,
55-16,Ultramarines Honour Guard,Amazon,,,
55-12,Space Marine Marneus Calgar,Games Workshop,,,
55-12,Space Marine Marneus Calgar,Miniature Market,,,
55-12,Space Marine Marneus Calgar,Noble Knight Games,,,
55-12,Space Marine Marneus Calgar,Amazon,,,
55-02,Space Marine Roboute Guilliman,Games Workshop,,,
55-02,Space Marine Roboute Guilliman,Miniature Market,,,
55-02,Space Marine Roboute Guilliman,Noble Knight Games,,,
55-02,Space Marine Roboute Guilliman,Amazon,,,
41-07,Blood Angels Death Company Marines,Games Workshop,,,
41-07,Blood Angels Death Company Marines,Miniature Market,,,
41-07,Blood Angels Death Company Marines,Noble Knight Games,,,
41-07,Blood Angels Death Company Marines,Amazon,,,
41-06,Blood Angels Sanguinary Guard,Games Workshop,,,
41-06,Blood Angels Sanguinary Guard,Miniature Market,,,
41-06,Blood Angels Sanguinary Guard,Noble Knight Games,,,
41-06,Blood Angels Sanguinary Guard,Amazon,,,
41-15,Blood Angels Librarian Dreadnought,Games Workshop,,,
41-15,Blood Angels Librarian Dreadnought,Miniature Market,,,
41-15,Blood Angels Librarian Dreadnought,Noble Knight Games,,,
41-15,Blood Angels Librarian Dreadnought,Amazon,,,
41-02,Blood Angels Mephiston,Games Workshop,,,
41-02,Blood Angels Mephiston,Miniature Market,,,
41-02,Blood Angels Mephiston,Noble Knight Games,,,
41-02,Blood Angels Mephiston,Amazon,,,
41-03,Blood Angels Astorath,Games Workshop,,,
41-03,Blood Angels Astorath,Miniature Market,,,
41-03,Blood Angels Astorath,Noble Knight Games,,,
41-03,Blood Angels Astorath,Amazon,,,
41-04,Blood Angels Commander Dante,Games Workshop,,,
41-04,Blood Angels Commander Dante,Miniature Market,,,
41-04,Blood Angels Commander Dante,Noble Knight Games,,,
41-04,Blood Angels Commander Dante,Amazon,,,
41-05,Blood Angels Lemartes,Games Workshop,,,
41-05,Blood Angels Lemartes,Miniature Market,,,
41-05,Blood Angels Lemartes,Noble Knight Games,,,
41-05,Blood Angels Lemartes,Amazon,,,
41-08,Blood Angels The Sanguinor,Games Workshop,,,
41-08,Blood Angels The Sanguinor,Miniature Market,,,
41-08,Blood Angels The Sanguinor,Noble Knight Games,,,
41-08,Blood Angels The Sanguinor,Amazon,,,
41-09,Blood Angels Sanguinary Priest,Games Workshop,,,
41-09,Blood Angels Sanguinary Priest,Miniature Market,,,
41-09,Blood Angels Sanguinary Priest,Noble Knight Games,,,
41-09,Blood Angels Sanguinary Priest,Amazon,,,
41-10,Blood Angels Baal Predator,Games Workshop,,,
41-10,Blood Angels Baal Predator,Miniature Market,,,
41-10,Blood Angels Baal Predator,Noble Knight Games,,,
41-10,Blood Angels Baal Predator,Amazon,,,
41-11,Blood Angels Death Company Dreadnought,Games Workshop,,,
41-11,Blood Angels Death Company Dreadnought,Miniature Market,,,
41-11,Blood Angels Death Company Dreadnought,Noble Knight Games,,,
41-11,Blood Angels Death Company Dreadnought,Amazon,,,
41-12,Blood Angels Death Company Marines with Jump Packs,Games Workshop,,,
41-12,Blood Angels Death Company Marines with Jump Packs,Miniature Market,,,
41-12,Blood Angels Death Company Marines with Jump Packs,Noble Knight Games,,,
41-12,Blood Angels Death Company Marines with Jump Packs,Amazon,,,
44-10,Dark Angels Deathwing Knights,Games Workshop,,,
44-10,Dark Angels Deathwing Knights,Miniature Market,,,
44-10,Dark Angels Deathwing Knights,Noble Knight Games,,,
44-10,Dark Angels Deathwing Knights,Amazon,,,
44-12,Dark Angels Ravenwing Black Knights,Games Workshop,,,
44-12,Dark Angels Ravenwing Black Knights,Miniature Market,,,
44-12,Dark Angels Ravenwing Black Knights,Noble Knight Games,,,
44-12,Dark Angels Ravenwing Black Knights,Amazon,,,
44-02,Dark Angels Ezekiel,Games Workshop,,,
44-02,Dark Angels Ezekiel,Miniature Market,,,
44-02,Dark Angels Ezekiel,Noble Knight Games,,,
44-02,Dark Angels Ezekiel,Amazon,,,
44-20,Dark Angels Combat Patrol,Games Workshop,,,
44-20,Dark Angels Combat Patrol,Miniature Market,,,
44-20,Dark Angels Combat Patrol,Noble Knight Games,,,
44-20,Dark Angels Combat Patrol,Amazon,,,
44-03,Dark Angels Asmodai,Games Workshop,,,
44-03,Dark Angels Asmodai,Miniature Market,,,
44-03,Dark Angels Asmodai,Noble Knight Games,,,
44-03,Dark Angels Asmodai,Amazon,,,
44-04,Dark Angels Azrael,Games Workshop,,,
44-04,Dark Angels Azrael,Miniature Market,,,
44-04,Dark Angels Azrael,Noble Knight Games,,,
44-04,Dark Angels Azrael,Amazon,,,
44-05,Dark Angels Belial,Games Workshop,,,
44-05,Dark Angels Belial,Miniature Market,,,
44-05,Dark Angels Belial,Noble Knight Games,,,
44-05,Dark Angels Belial,Amazon,,,
44-06,Dark Angels Lion El'Jonson,Games Workshop,,,
44-06,Dark Angels Lion El'Jonson,Miniature Market,,,
44-06,Dark Angels Lion El'Jonson,Noble Knight Games,,,
44-06,Dark Angels Lion El'Jonson,Amazon,,,
44-07,Dark Angels Lazarus,Games Workshop,,,
44-07,Dark Angels Lazarus,Miniature Market,,,
44-07,Dark Angels Lazarus,Noble Knight Games,,,
44-07,Dark Angels Lazarus,Amazon,,,
44-08,Dark Angels Sammael,Games Workshop,,,
44-08,Dark Angels Sammael,Miniature Market,,,
44-08,Dark Angels Sammael,Noble Knight Games,,,
44-08,Dark Angels Sammael,Amazon,,,
44-09,Dark Angels Ravenwing Command Squad,Games Workshop,,,
44-09,Dark Angels Ravenwing Command Squad,Miniature Market,,,
44-09,Dark Angels Ravenwing Command Squad,Noble Knight Games,,,
44-09,Dark Angels Ravenwing Command Squad,Amazon,,,
44-11,Dark Angels Deathwing Terminator Squad,Games Workshop,,,
44-11,Dark Angels Deathwing Terminator Squad,Miniature Market,,,
44-11,Dark Angels Deathwing Terminator Squad,Noble Knight Games,,,
44-11,Dark Angels Deathwing Terminator Squad,Amazon,,,
44-13,Dark Angels Inner Circle Companions,Games Workshop,,,
44-13,Dark Angels Inner Circle Companions,Miniature Market,,,
44-13,Dark Angels Inner Circle Companions,Noble Knight Games,,,
44-13,Dark Angels Inner Circle Companions,Amazon,,,
44-14,Dark Angels Ravenwing Dark Talon,Games Workshop,,,
44-14,Dark Angels Ravenwing Dark Talon,Miniature Market,,,
44-14,Dark Angels Ravenwing Dark Talon,Noble Knight Games,,,
44-14,Dark Angels Ravenwing Dark Talon,Amazon,,,
44-15,Dark Angels Ravenwing Darkshroud,Games Workshop,,,
44-15,Dark Angels Ravenwing Darkshroud,Miniature Market,,,
44-15,Dark Angels Ravenwing Darkshroud,Noble Knight Games,,,
44-15,Dark Angels Ravenwing Darkshroud,Amazon,,,
44-16,Dark Angels Land Speeder Vengeance,Games Workshop,,,
44-16,Dark Angels Land Speeder Vengeance,Miniature Market,,,
44-16,Dark Angels Land Speeder Vengeance,Noble Knight Games,,,
44-16,Dark Angels Land Speeder Vengeance,Amazon,,,
44-17,Dark Angels Nephilim Jetfighter,Games Workshop,,,
44-17,Dark Angels Nephilim Jetfighter,Miniature Market,,,
44-17,Dark Angels Nephilim Jetfighter,Noble Knight Games,,,
44-17,Dark Angels Nephilim Jetfighter,Amazon,,,
53-10,Space Wolves Thunderwolf Cavalry,Games Workshop,,,
53-10,Space Wolves Thunderwolf Cavalry,Miniature Market,,,
53-10,Space Wolves Thunderwolf Cavalry,Noble Knight Games,,,
53-10,Space Wolves Thunderwolf Cavalry,Amazon,,,
53-06,Space Wolves Grey Hunters,Games Workshop,,,
53-06,Space Wolves Grey Hunters,Miniature Market,,,
53-06,Space Wolves Grey Hunters,Noble Knight Games,,,
53-06,Space Wolves Grey Hunters,Amazon,,,
53-08,Space Wolves Wolf Guard Terminators,Games Workshop,,,
53-08,Space Wolves Wolf Guard Terminators,Miniature Market,,,
53-08,Space Wolves Wolf Guard Terminators,Noble Knight Games,,,
53-08,Space Wolves Wolf Guard Terminators,Amazon,,,
53-02,Space Wolves Ragnar Blackmane,Games Workshop,,,
53-02,Space Wolves Ragnar Blackmane,Miniature Market,,,
53-02,Space Wolves Ragnar Blackmane,Noble Knight Games,,,
53-02,Space Wolves Ragnar Blackmane,Amazon,,,
53-20,Space Wolves Combat Patrol,Games Workshop,,,
53-20,Space Wolves Combat Patrol,Miniature Market,,,
53-20,Space Wolves Combat Patrol,Noble Knight Games,,,
53-20,Space Wolves Combat Patrol,Amazon,,,
55-20,Black Templars Primaris Crusader Squad,Games Workshop,,,
55-20,Black Templars Primaris Crusader Squad,Miniature Market,,,
55-20,Black Templars Primaris Crusader Squad,Noble Knight Games,,,
55-20,Black Templars Primaris Crusader Squad,Amazon,,,
55-22,Black Templars Emperor's Champion,Games Workshop,,,
55-22,Black Templars Emperor's Champion,Miniature Market,,,
55-22,Black Templars Emperor's Champion,Noble Knight Games,,,
55-22,Black Templars Emperor's Champion,Amazon,,,
55-21,Black Templars Helbrecht,Games Workshop,,,
55-21,Black Templars Helbrecht,Miniature Market,,,
55-21,Black Templars Helbrecht,Noble Knight Games,,,
55-21,Black Templars Helbrecht,Amazon,,,
55-30,Black Templars Combat Patrol,Games Workshop,,,
55-30,Black Templars Combat Patrol,Miniature Market,,,
55-30,Black Templars Combat Patrol,Noble Knight Games,,,
55-30,Black Templars Combat Patrol,Amazon,,,
55-23,Black Templars Sword Brethren,Games Workshop,,,
55-23,Black Templars Sword Brethren,Miniature Market,,,
55-23,Black Templars Sword Brethren,Noble Knight Games,,,
55-23,Black Templars Sword Brethren,Amazon,,,
55-24,Black Templars Chaplain Grimaldus,Games Workshop,,,
55-24,Black Templars Chaplain Grimaldus,Miniature Market,,,
55-24,Black Templars Chaplain Grimaldus,Noble Knight Games,,,
55-24,Black Templars Chaplain Grimaldus,Amazon,,,
55-25,Black Templars Castellan,Games Workshop,,,
55-25,Black Templars Castellan,Miniature Market,,,
55-25,Black Templars Castellan,Noble Knight Games,,,
55-25,Black Templars Castellan,Amazon,,,
55-26,Black Templars Execrator,Games Workshop,,,
55-26,Black Templars Execrator,Miniature Market,,,
55-26,Black Templars Execrator,Noble Knight Games,,,
55-26,Black Templars Execrator,Amazon,,,
55-27,Black Templars Crusade Ancient,Games Workshop,,,
55-27,Black Templars Crusade Ancient,Miniature Market,,,
55-27,Black Templars Crusade Ancient,Noble Knight Games,,,
55-27,Black Templars Crusade Ancient,Amazon,,,
55-28,Black Templars Marshal,Games Workshop,,,
55-28,Black Templars Marshal,Miniature Market,,,
55-28,Black Templars Marshal,Noble Knight Games,,,
55-28,Black Templars Marshal,Amazon,,,
57-06,Grey Knights Strike Squad,Games Workshop,,,
57-06,Grey Knights Strike Squad,Miniature Market,,,
57-06,Grey Knights Strike Squad,Noble Knight Games,,,
57-06,Grey Knights Strike Squad,Amazon,,,
57-08,Grey Knights Terminators,Games Workshop,,,
57-08,Grey Knights Terminators,Miniature Market,,,
57-08,Grey Knights Terminators,Noble Knight Games,,,
57-08,Grey Knights Terminators,Amazon,,,
57-14,Grey Knights Dreadknight,Games Workshop,,,
57-14,Grey Knights Dreadknight,Miniature Market,,,
57-14,Grey Knights Dreadknight,Noble Knight Games,,,
57-14,Grey Knights Dreadknight,Amazon,,,
57-02,Grey Knights Grand Master Voldus,Games Workshop,,,
57-02,Grey Knights Grand Master Voldus,Miniature Market,,,
57-02,Grey Knights Grand Master Voldus,Noble Knight Games,,,
57-02,Grey Knights Grand Master Voldus,Amazon,,,
57-20,Grey Knights Combat Patrol,Games Workshop,,,
57-20,Grey Knights Combat Patrol,Miniature Market,,,
57-20,Grey Knights Combat Patrol,Noble Knight Games,,,
57-20,Grey Knights Combat Patrol,Amazon,,,
39-10,Deathwatch Kill Team,Games Workshop,,,
39-10,Deathwatch Kill Team,Miniature Market,,,
39-10,Deathwatch Kill Team,Noble Knight Games,,,
39-10,Deathwatch Kill Team,Amazon,,,
39-06,Deathwatch Veteran Squad,Games Workshop,,,
39-06,Deathwatch Veteran Squad,Miniature Market,,,
39-06,Deathwatch Veteran Squad,Noble Knight Games,,,
39-06,Deathwatch Veteran Squad,Amazon,,,
39-01,Watch Captain Artemis,Games Workshop,,,
39-01,Watch Captain Artemis,Miniature Market,,,
39-01,Watch Captain Artemis,Noble Knight Games,,,
39-01,Watch Captain Artemis,Amazon,,,
39-02,Deathwatch Watch Master,Games Workshop,,,
39-02,Deathwatch Watch Master,Miniature Market,,,
39-02,Deathwatch Watch Master,Noble Knight Games,,,
39-02,Deathwatch Watch Master,Amazon,,,
39-03,Deathwatch Decimus Kill Team,Games Workshop,,,
39-03,Deathwatch Decimus Kill Team,Miniature Market,,,
39-03,Deathwatch Decimus Kill Team,Noble Knight Games,,,
39-03,Deathwatch Decimus Kill Team,Amazon,,,
39-04,Corvus Blackstar,Games Workshop,,,
39-04,Corvus Blackstar,Miniature Market,,,
39-04,Corvus Blackstar,Noble Knight Games,,,
39-04,Corvus Blackstar,Amazon,,,
39-05,Deathwatch Terminator Squad,Games Workshop,,,
39-05,Deathwatch Terminator Squad,Miniature Market,,,
39-05,Deathwatch Terminator Squad,Noble Knight Games,,,
39-05,Deathwatch Terminator Squad,Amazon,,,
39-07,Deathwatch Fortis Kill Team,Games Workshop,,,
39-07,Deathwatch Fortis Kill Team,Miniature Market,,,
39-07,Deathwatch Fortis Kill Team,Noble Knight Games,,,
39-07,Deathwatch Fortis Kill Team,Amazon,,,
39-08,Deathwatch Indomitor Kill Team,Games Workshop,,,
39-08,Deathwatch Indomitor Kill Team,Miniature Market,,,
39-08,Deathwatch Indomitor Kill Team,Noble Knight Games,,,
39-08,Deathwatch Indomitor Kill Team,Amazon,,,
39-09,Deathwatch Spectrus Kill Team,Games Workshop,,,
39-09,Deathwatch Spectrus Kill Team,Miniature Market,,,
39-09,Deathwatch Spectrus Kill Team,Noble Knight Games,,,
39-09,Deathwatch Spectrus Kill Team,Amazon,,,
39-11,Deathwatch Talonstrike Kill Team,Games Workshop,,,
39-11,Deathwatch Talonstrike Kill Team,Miniature Market,,,
39-11,Deathwatch Talonstrike Kill Team,Noble Knight Games,,,
39-11,Deathwatch Talonstrike Kill Team,Amazon,,,
01-08,Adeptus Custodes Custodian Guard,Games Workshop,,,
01-08,Adeptus Custodes Custodian Guard,Miniature Market,,,
01-08,Adeptus Custodes Custodian Guard,Noble Knight Games,,,
01-08,Adeptus Custodes Custodian Guard,Amazon,,,
01-10,Adeptus Custodes Custodian Wardens,Games Workshop,,,
01-10,Adeptus Custodes Custodian Wardens,Miniature Market,,,
01-10,Adeptus Custodes Custodian Wardens,Noble Knight Games,,,
01-10,Adeptus Custodes Custodian Wardens,Amazon,,,
01-11,Adeptus Custodes Vertus Praetors,Games Workshop,,,
01-11,Adeptus Custodes Vertus Praetors,Miniature Market,,,
01-11,Adeptus Custodes Vertus Praetors,Noble Knight Games,,,
01-11,Adeptus Custodes Vertus Praetors,Amazon,,,
01-07,Adeptus Custodes Shield-Captain,Games Workshop,,,
01-07,Adeptus Custodes Shield-Captain,Miniature Market,,,
01-07,Adeptus Custodes Shield-Captain,Noble Knight Games,,,
01-07,Adeptus Custodes Shield-Captain,Amazon,,,
01-02,Adeptus Custodes Trajann Valoris,Games Workshop,,,
01-02,Adeptus Custodes Trajann Valoris,Miniature Market,,,
01-02,Adeptus Custodes Trajann Valoris,Noble Knight Games,,,
01-02,Adeptus Custodes Trajann Valoris,Amazon,,,
01-20,Adeptus Custodes Combat Patrol,Games Workshop,,,
01-20,Adeptus Custodes Combat Patrol,Miniature Market,,,
01-20,Adeptus Custodes Combat Patrol,Noble Knight Games,,,
01-20,Adeptus Custodes Combat Patrol,Amazon,,,
52-20,Adepta Sororitas Battle Sisters Squad,Games Workshop,,,
52-20,Adepta Sororitas Battle Sisters Squad,Miniature Market,,,
52-20,Adepta Sororitas Battle Sisters Squad,Noble Knight Games,,,
52-20,Adepta Sororitas Battle Sisters Squad,Amazon,,,
52-22,Adepta Sororitas Celestian Sacresants,Games Workshop,,,
52-22,Adepta Sororitas Celestian Sacresants,Miniature Market,,,
52-22,Adepta Sororitas Celestian Sacresants,Noble Knight Games,,,
52-22,Adepta Sororitas Celestian Sacresants,Amazon,,,
52-12,Adepta Sororitas Seraphim Squad,Games Workshop,,,
52-12,Adepta Sororitas Seraphim Squad,Miniature Market,,,
52-12,Adepta Sororitas Seraphim Squad,Noble Knight Games,,,
52-12,Adepta Sororitas Seraphim Squad,Amazon,,,
52-15,Adepta Sororitas Retributor Squad,Games Workshop,,,
52-15,Adepta Sororitas Retributor Squad,Miniature Market,,,
52-15,Adepta Sororitas Retributor Squad,Noble Knight Games,,,
52-15,Adepta Sororitas Retributor Squad,Amazon,,,
52-09,Adepta Sororitas Immolator,Games Workshop,,,
52-09,Adepta Sororitas Immolator,Miniature Market,,,
52-09,Adepta Sororitas Immolator,Noble Knight Games,,,
52-09,Adepta Sororitas Immolator,Amazon,,,
52-08,Adepta Sororitas Exorcist,Games Workshop,,,
52-08,Adepta Sororitas Exorcist,Miniature Market,,,
52-08,Adepta Sororitas Exorcist,Noble Knight Games,,,
52-08,Adepta Sororitas Exorcist,Amazon,,,
52-02,Adepta Sororitas Morvenn Vahl,Games Workshop,,,
52-02,Adepta Sororitas Morvenn Vahl,Miniature Market,,,
52-02,Adepta Sororitas Morvenn Vahl,Noble Knight Games,,,
52-02,Adepta Sororitas Morvenn Vahl,Amazon,,,
52-25,Adepta Sororitas Combat Patrol,Games Workshop,,,
52-25,Adepta Sororitas Combat Patrol,Miniature Market,,,
52-25,Adepta Sororitas Combat Patrol,Noble Knight Games,,,
52-25,Adepta Sororitas Combat Patrol,Amazon,,,
43-06,Chaos Space Marines,Games Workshop,,,
43-06,Chaos Space Marines,Miniature Market,,,
43-06,Chaos Space Marines,Noble Knight Games,,,
43-06,Chaos Space Marines,Amazon,,,
43-09,Chaos Predator Annihilator,Games Workshop,,,
43-09,Chaos Predator Annihilator,Miniature Market,,,
43-09,Chaos Predator Annihilator,Noble Knight Games,,,
43-09,Chaos Predator Annihilator,Amazon,,,
71-06,Chaos Space Marines Combat Patrol,Games Workshop,,,
71-06,Chaos Space Marines Combat Patrol,Miniature Market,,,
71-06,Chaos Space Marines Combat Patrol,Noble Knight Games,,,
71-06,Chaos Space Marines Combat Patrol,Amazon,,,
43-50,Death Guard Plague Marines,Games Workshop,,,
43-50,Death Guard Plague Marines,Miniature Market,,,
43-50,Death Guard Plague Marines,Noble Knight Games,,,
43-50,Death Guard Plague Marines,Amazon,,,
43-53,Death Guard Poxwalkers,Games Workshop,,,
43-53,Death Guard Poxwalkers,Miniature Market,,,
43-53,Death Guard Poxwalkers,Noble Knight Games,,,
43-53,Death Guard Poxwalkers,Amazon,,,
43-54,Death Guard Blightlord Terminators,Games Workshop,,,
43-54,Death Guard Blightlord Terminators,Miniature Market,,,
43-54,Death Guard Blightlord Terminators,Noble Knight Games,,,
43-54,Death Guard Blightlord Terminators,Amazon,,,
43-56,Death Guard Deathshroud Bodyguard,Games Workshop,,,
43-56,Death Guard Deathshroud Bodyguard,Miniature Market,,,
43-56,Death Guard Deathshroud Bodyguard,Noble Knight Games,,,
43-56,Death Guard Deathshroud Bodyguard,Amazon,,,
43-55,Death Guard Foetid Bloat-drone,Games Workshop,,,
43-55,Death Guard Foetid Bloat-drone,Miniature Market,,,
43-55,Death Guard Foetid Bloat-drone,Noble Knight Games,,,
43-55,Death Guard Foetid Bloat-drone,Amazon,,,
43-03,Death Guard Mortarion,Games Workshop,,,
43-03,Death Guard Mortarion,Miniature Market,,,
43-03,Death Guard Mortarion,Noble Knight Games,,,
43-03,Death Guard Mortarion,Amazon,,,
43-08,Death Guard Typhus,Games Workshop,,,
43-08,Death Guard Typhus,Miniature Market,,,
43-08,Death Guard Typhus,Noble Knight Games,,,
43-08,Death Guard Typhus,Amazon,,,
43-80,Death Guard Combat Patrol,Games Workshop,,,
43-80,Death Guard Combat Patrol,Miniature Market,,,
43-80,Death Guard Combat Patrol,Noble Knight Games,,,
43-80,Death Guard Combat Patrol,Amazon,,,
43-35,Thousand Sons Rubric Marines,Games Workshop,,,
43-35,Thousand Sons Rubric Marines,Miniature Market,,,
43-35,Thousand Sons Rubric Marines,Noble Knight Games,,,
43-35,Thousand Sons Rubric Marines,Amazon,,,
43-36,Thousand Sons Scarab Occult Terminators,Games Workshop,,,
43-36,Thousand Sons Scarab Occult Terminators,Miniature Market,,,
43-36,Thousand Sons Scarab Occult Terminators,Noble Knight Games,,,
43-36,Thousand Sons Scarab Occult Terminators,Amazon,,,
43-38,Thousand Sons Exalted Sorcerers,Games Workshop,,,
43-38,Thousand Sons Exalted Sorcerers,Miniature Market,,,
43-38,Thousand Sons Exalted Sorcerers,Noble Knight Games,,,
43-38,Thousand Sons Exalted Sorcerers,Amazon,,,
43-02,Thousand Sons Magnus the Red,Games Workshop,,,
43-02,Thousand Sons Magnus the Red,Miniature Market,,,
43-02,Thousand Sons Magnus the Red,Noble Knight Games,,,
43-02,Thousand Sons Magnus the Red,Amazon,,,
43-30,Thousand Sons Ahriman,Games Workshop,,,
43-30,Thousand Sons Ahriman,Miniature Market,,,
43-30,Thousand Sons Ahriman,Noble Knight Games,,,
43-30,Thousand Sons Ahriman,Amazon,,,
43-90,Thousand Sons Combat Patrol,Games Workshop,,,
43-90,Thousand Sons Combat Patrol,Miniature Market,,,
43-90,Thousand Sons Combat Patrol,Noble Knight Games,,,
43-90,Thousand Sons Combat Patrol,Amazon,,,
43-60,World Eaters Berzerkers,Games Workshop,,,
43-60,World Eaters Berzerkers,Miniature Market,,,
43-60,World Eaters Berzerkers,Noble Knight Games,,,
43-60,World Eaters Berzerkers,Amazon,,,
43-62,World Eaters Eightbound,Games Workshop,,,
43-62,World Eaters Eightbound,Miniature Market,,,
43-62,World Eaters Eightbound,Noble Knight Games,,,
43-62,World Eaters Eightbound,Amazon,,,
43-04,World Eaters Angron,Games Workshop,,,
43-04,World Eaters Angron,Miniature Market,,,
43-04,World Eaters Angron,Noble Knight Games,,,
43-04,World Eaters Angron,Amazon,,,
43-64,World Eaters Lord on Juggernaut,Games Workshop,,,
43-64,World Eaters Lord on Juggernaut,Miniature Market,,,
43-64,World Eaters Lord on Juggernaut,Noble Knight Games,,,
43-64,World Eaters Lord on Juggernaut,Amazon,,,
43-95,World Eaters Combat Patrol,Games Workshop,,,
43-95,World Eaters Combat Patrol,Miniature Market,,,
43-95,World Eaters Combat Patrol,Noble Knight Games,,,
43-95,World Eaters Combat Patrol,Amazon,,,
47-19,Astra Militarum Infantry Squad,Games Workshop,,,
47-19,Astra Militarum Infantry Squad,Miniature Market,,,
47-19,Astra Militarum Infantry Squad,Noble Knight Games,,,
47-19,Astra Militarum Infantry Squad,Amazon,,,
47-30,Astra Militarum Cadian Shock Troops,Games Workshop,,,
47-30,Astra Militarum Cadian Shock Troops,Miniature Market,,,
47-30,Astra Militarum Cadian Shock Troops,Noble Knight Games,,,
47-30,Astra Militarum Cadian Shock Troops,Amazon,,,
47-31,Astra Militarum Veteran Guardsmen,Games Workshop,,,
47-31,Astra Militarum Veteran Guardsmen,Miniature Market,,,
47-31,Astra Militarum Veteran Guardsmen,Noble Knight Games,,,
47-31,Astra Militarum Veteran Guardsmen,Amazon,,,
47-06,Astra Militarum Leman Russ Battle Tank,Games Workshop,,,
47-06,Astra Militarum Leman Russ Battle Tank,Miniature Market,,,
47-06,Astra Militarum Leman Russ Battle Tank,Noble Knight Games,,,
47-06,Astra Militarum Leman Russ Battle Tank,Amazon,,,
47-05,Astra Militarum Chimera,Games Workshop,,,
47-05,Astra Militarum Chimera,Miniature Market,,,
47-05,Astra Militarum Chimera,Noble Knight Games,,,
47-05,Astra Militarum Chimera,Amazon,,,
47-17,Astra Militarum Basilisk,Games Workshop,,,
47-17,Astra Militarum Basilisk,Miniature Market,,,
47-17,Astra Militarum Basilisk,Noble Knight Games,,,
47-17,Astra Militarum Basilisk,Amazon,,,
47-14,Astra Militarum Hellhound,Games Workshop,,,
47-14,Astra Militarum Hellhound,Miniature Market,,,
47-14,Astra Militarum Hellhound,Noble Knight Games,,,
47-14,Astra Militarum Hellhound,Amazon,,,
47-12,Astra Militarum Sentinel,Games Workshop,,,
47-12,Astra Militarum Sentinel,Miniature Market,,,
47-12,Astra Militarum Sentinel,Noble Knight Games,,,
47-12,Astra Militarum Sentinel,Amazon,,,
47-08,Astra Militarum Commissar,Games Workshop,,,
47-08,Astra Militarum Commissar,Miniature Market,,,
47-08,Astra Militarum Commissar,Noble Knight Games,,,
47-08,Astra Militarum Commissar,Amazon,,,
47-25,Astra Militarum Combat Patrol,Games Workshop,,,
47-25,Astra Militarum Combat Patrol,Miniature Market,,,
47-25,Astra Militarum Combat Patrol,Noble Knight Games,,,
47-25,Astra Militarum Combat Patrol,Amazon,,,
59-10,Adeptus Mechanicus Skitarii Rangers,Games Workshop,,,
59-10,Adeptus Mechanicus Skitarii Rangers,Miniature Market,,,
59-10,Adeptus Mechanicus Skitarii Rangers,Noble Knight Games,,,
59-10,Adeptus Mechanicus Skitarii Rangers,Amazon,,,
59-11,Adeptus Mechanicus Skitarii Vanguard,Games Workshop,,,
59-11,Adeptus Mechanicus Skitarii Vanguard,Miniature Market,,,
59-11,Adeptus Mechanicus Skitarii Vanguard,Noble Knight Games,,,
59-11,Adeptus Mechanicus Skitarii Vanguard,Amazon,,,
59-14,Adeptus Mechanicus Ironstrider Ballistarii,Games Workshop,,,
59-14,Adeptus Mechanicus Ironstrider Ballistarii,Miniature Market,,,
59-14,Adeptus Mechanicus Ironstrider Ballistarii,Noble Knight Games,,,
59-14,Adeptus Mechanicus Ironstrider Ballistarii,Amazon,,,
59-16,Adeptus Mechanicus Dunecrawler,Games Workshop,,,
59-16,Adeptus Mechanicus Dunecrawler,Miniature Market,,,
59-16,Adeptus Mechanicus Dunecrawler,Noble Knight Games,,,
59-16,Adeptus Mechanicus Dunecrawler,Amazon,,,
59-18,Adeptus Mechanicus Kataphron Destroyers,Games Workshop,,,
59-18,Adeptus Mechanicus Kataphron Destroyers,Miniature Market,,,
59-18,Adeptus Mechanicus Kataphron Destroyers,Noble Knight Games,,,
59-18,Adeptus Mechanicus Kataphron Destroyers,Amazon,,,
59-20,Adeptus Mechanicus Electropriests,Games Workshop,,,
59-20,Adeptus Mechanicus Electropriests,Miniature Market,,,
59-20,Adeptus Mechanicus Electropriests,Noble Knight Games,,,
59-20,Adeptus Mechanicus Electropriests,Amazon,,,
59-06,Adeptus Mechanicus Tech-Priest Dominus,Games Workshop,,,
59-06,Adeptus Mechanicus Tech-Priest Dominus,Miniature Market,,,
59-06,Adeptus Mechanicus Tech-Priest Dominus,Noble Knight Games,,,
59-06,Adeptus Mechanicus Tech-Priest Dominus,Amazon,,,
59-25,Adeptus Mechanicus Combat Patrol,Games Workshop,,,
59-25,Adeptus Mechanicus Combat Patrol,Miniature Market,,,
59-25,Adeptus Mechanicus Combat Patrol,Noble Knight Games,,,
59-25,Adeptus Mechanicus Combat Patrol,Amazon,,,
54-22,Imperial Knight Questoris,Games Workshop,,,
54-22,Imperial Knight Questoris,Miniature Market,,,
54-22,Imperial Knight Questoris,Noble Knight Games,,,
54-22,Imperial Knight Questoris,Amazon,,,
54-15,Imperial Knight Preceptor / Canis Rex,Games Workshop,,,
54-15,Imperial Knight Preceptor / Canis Rex,Miniature Market,,,
54-15,Imperial Knight Preceptor / Canis Rex,Noble Knight Games,,,
54-15,Imperial Knight Preceptor / Canis Rex,Amazon,,,
54-21,Imperial Knight Dominus,Games Workshop,,,
54-21,Imperial Knight Dominus,Miniature Market,,,
54-21,Imperial Knight Dominus,Noble Knight Games,,,
54-21,Imperial Knight Dominus,Amazon,,,
54-20,Imperial Knight Armigers,Games Workshop,,,
54-20,Imperial Knight Armigers,Miniature Market,,,
54-20,Imperial Knight Armigers,Noble Knight Games,,,
54-20,Imperial Knight Armigers,Amazon,,,
31-06,Cerastus Knight Lancer,Games Workshop,,,
31-06,Cerastus Knight Lancer,Miniature Market,,,
31-06,Cerastus Knight Lancer,Noble Knight Games,,,
31-06,Cerastus Knight Lancer,Amazon,,,
31-66,Cerastus Knight Castigator,Games Workshop,,,
31-66,Cerastus Knight Castigator,Miniature Market,,,
31-66,Cerastus Knight Castigator,Noble Knight Games,,,
31-66,Cerastus Knight Castigator,Amazon,,,
31-67,Cerastus Knight Acheron,Games Workshop,,,
31-67,Cerastus Knight Acheron,Miniature Market,,,
31-67,Cerastus Knight Acheron,Noble Knight Games,,,
31-67,Cerastus Knight Acheron,Amazon,,,
51-40,Genestealer Cults Neophyte Hybrids,Games Workshop,,,
51-40,Genestealer Cults Neophyte Hybrids,Miniature Market,,,
51-40,Genestealer Cults Neophyte Hybrids,Noble Knight Games,,,
51-40,Genestealer Cults Neophyte Hybrids,Amazon,,,
51-41,Genestealer Cults Acolyte Hybrids,Games Workshop,,,
51-41,Genestealer Cults Acolyte Hybrids,Miniature Market,,,
51-41,Genestealer Cults Acolyte Hybrids,Noble Knight Games,,,
51-41,Genestealer Cults Acolyte Hybrids,Amazon,,,
51-44,Genestealer Cults Aberrants,Games Workshop,,,
51-44,Genestealer Cults Aberrants,Miniature Market,,,
51-44,Genestealer Cults Aberrants,Noble Knight Games,,,
51-44,Genestealer Cults Aberrants,Amazon,,,
51-43,Genestealer Cults Magus,Games Workshop,,,
51-43,Genestealer Cults Magus,Miniature Market,,,
51-43,Genestealer Cults Magus,Noble Knight Games,,,
51-43,Genestealer Cults Magus,Amazon,,,
51-42,Genestealer Cults Patriarch,Games Workshop,,,
51-42,Genestealer Cults Patriarch,Miniature Market,,,
51-42,Genestealer Cults Patriarch,Noble Knight Games,,,
51-42,Genestealer Cults Patriarch,Amazon,,,
45-07,Drukhari Kabalite Warriors,Games Workshop,,,
45-07,Drukhari Kabalite Warriors,Miniature Market,,,
45-07,Drukhari Kabalite Warriors,Noble Knight Games,,,
45-07,Drukhari Kabalite Warriors,Amazon,,,
45-06,Drukhari Wyches,Games Workshop,,,
45-06,Drukhari Wyches,Miniature Market,,,
45-06,Drukhari Wyches,Noble Knight Games,,,
45-06,Drukhari Wyches,Amazon,,,
45-10,Drukhari Raider,Games Workshop,,,
45-10,Drukhari Raider,Miniature Market,,,
45-10,Drukhari Raider,Noble Knight Games,,,
45-10,Drukhari Raider,Amazon,,,
45-12,Drukhari Ravager,Games Workshop,,,
45-12,Drukhari Ravager,Miniature Market,,,
45-12,Drukhari Ravager,Noble Knight Games,,,
45-12,Drukhari Ravager,Amazon,,,
45-02,Drukhari Archon,Games Workshop,,,
45-02,Drukhari Archon,Miniature Market,,,
45-02,Drukhari Archon,Noble Knight Games,,,
45-02,Drukhari Archon,Amazon,,,
45-25,Drukhari Combat Patrol,Games Workshop,,,
45-25,Drukhari Combat Patrol,Miniature Market,,,
45-25,Drukhari Combat Patrol,Noble Knight Games,,,
45-25,Drukhari Combat Patrol,Amazon,,,
46-09,Craftworlds Guardians,Games Workshop,,,
46-09,Craftworlds Guardians,Miniature Market,,,
46-09,Craftworlds Guardians,Noble Knight Games,,,
46-09,Craftworlds Guardians,Amazon,,,
46-06,Craftworlds Dire Avengers,Games Workshop,,,
46-06,Craftworlds Dire Avengers,Miniature Market,,,
46-06,Craftworlds Dire Avengers,Noble Knight Games,,,
46-06,Craftworlds Dire Avengers,Amazon,,,
46-14,Craftworlds Fire Dragons,Games Workshop,,,
46-14,Craftworlds Fire Dragons,Miniature Market,,,
46-14,Craftworlds Fire Dragons,Noble Knight Games,,,
46-14,Craftworlds Fire Dragons,Amazon,,,
46-26,Craftworlds Wraithguard,Games Workshop,,,
46-26,Craftworlds Wraithguard,Miniature Market,,,
46-26,Craftworlds Wraithguard,Noble Knight Games,,,
46-26,Craftworlds Wraithguard,Amazon,,,
46-29,Craftworlds Wave Serpent,Games Workshop,,,
46-29,Craftworlds Wave Serpent,Miniature Market,,,
46-29,Craftworlds Wave Serpent,Noble Knight Games,,,
46-29,Craftworlds Wave Serpent,Amazon,,,
46-02,Craftworlds Farseer,Games Workshop,,,
46-02,Craftworlds Farseer,Miniature Market,,,
46-02,Craftworlds Farseer,Noble Knight Games,,,
46-02,Craftworlds Farseer,Amazon,,,
46-25,Craftworlds Combat Patrol,Games Workshop,,,
46-25,Craftworlds Combat Patrol,Miniature Market,,,
46-25,Craftworlds Combat Patrol,Noble Knight Games,,,
46-25,Craftworlds Combat Patrol,Amazon,,,
73-10,Leagues of Votann Hearthkyn Warriors,Games Workshop,,,
73-10,Leagues of Votann Hearthkyn Warriors,Miniature Market,,,
73-10,Leagues of Votann Hearthkyn Warriors,Noble Knight Games,,,
73-10,Leagues of Votann Hearthkyn Warriors,Amazon,,,
73-12,Leagues of Votann Hernkyn Pioneers,Games Workshop,,,
73-12,Leagues of Votann Hernkyn Pioneers,Miniature Market,,,
73-12,Leagues of Votann Hernkyn Pioneers,Noble Knight Games,,,
73-12,Leagues of Votann Hernkyn Pioneers,Amazon,,,
73-14,Leagues of Votann Einhyr Hearthguard,Games Workshop,,,
73-14,Leagues of Votann Einhyr Hearthguard,Miniature Market,,,
73-14,Leagues of Votann Einhyr Hearthguard,Noble Knight Games,,,
73-14,Leagues of Votann Einhyr Hearthguard,Amazon,,,
73-06,Leagues of Votann Kahl,Games Workshop,,,
73-06,Leagues of Votann Kahl,Miniature Market,,,
73-06,Leagues of Votann Kahl,Noble Knight Games,,,
73-06,Leagues of Votann Kahl,Amazon,,,
73-25,Leagues of Votann Combat Patrol,Games Workshop,,,
73-25,Leagues of Votann Combat Patrol,Miniature Market,,,
73-25,Leagues of Votann Combat Patrol,Noble Knight Games,,,
73-25,Leagues of Votann Combat Patrol,Amazon,,,
51-08,Tyranid Warriors,Games Workshop,,,
51-08,Tyranid Warriors,Miniature Market,,,
51-08,Tyranid Warriors,Noble Knight Games,,,
51-08,Tyranid Warriors,Amazon,,,
51-16,Tyranid Termagants,Games Workshop,,,
51-16,Tyranid Termagants,Miniature Market,,,
51-16,Tyranid Termagants,Noble Knight Games,,,
51-16,Tyranid Termagants,Amazon,,,
51-06,Tyranid Carnifex,Games Workshop,,,
51-06,Tyranid Carnifex,Miniature Market,,,
51-06,Tyranid Carnifex,Noble Knight Games,,,
51-06,Tyranid Carnifex,Amazon,,,
51-04,Tyranid Hive Tyrant,Games Workshop,,,
51-04,Tyranid Hive Tyrant,Miniature Market,,,
51-04,Tyranid Hive Tyrant,Noble Knight Games,,,
51-04,Tyranid Hive Tyrant,Amazon,,,
71-19,Tyranid Combat Patrol,Games Workshop,,,
71-19,Tyranid Combat Patrol,Miniature Market,,,
71-19,Tyranid Combat Patrol,Noble Knight Games,,,
71-19,Tyranid Combat Patrol,Amazon,,,
49-06,Necron Warriors,Games Workshop,,,
49-06,Necron Warriors,Miniature Market,,,
49-06,Necron Warriors,Noble Knight Games,,,
49-06,Necron Warriors,Amazon,,,
49-10,Necron Immortals,Games Workshop,,,
49-10,Necron Immortals,Miniature Market,,,
49-10,Necron Immortals,Noble Knight Games,,,
49-10,Necron Immortals,Amazon,,,
49-03,Necron Overlord,Games Workshop,,,
49-03,Necron Overlord,Miniature Market,,,
49-03,Necron Overlord,Noble Knight Games,,,
49-03,Necron Overlord,Amazon,,,
49-08,Necron Monolith,Games Workshop,,,
49-08,Necron Monolith,Miniature Market,,,
49-08,Necron Monolith,Noble Knight Games,,,
49-08,Necron Monolith,Amazon,,,
71-20,Necron Combat Patrol,Games Workshop,,,
71-20,Necron Combat Patrol,Miniature Market,,,
71-20,Necron Combat Patrol,Noble Knight Games,,,
71-20,Necron Combat Patrol,Amazon,,,
49-17,Necron Flayed Ones,Games Workshop,,,
49-17,Necron Flayed Ones,Miniature Market,,,
49-17,Necron Flayed Ones,Noble Knight Games,,,
49-17,Necron Flayed Ones,Amazon,,,
49-11,Necron Lychguard,Games Workshop,,,
49-11,Necron Lychguard,Miniature Market,,,
49-11,Necron Lychguard,Noble Knight Games,,,
49-11,Necron Lychguard,Amazon,,,
49-14,Necron Canoptek Spyder,Games Workshop,,,
49-14,Necron Canoptek Spyder,Miniature Market,,,
49-14,Necron Canoptek Spyder,Noble Knight Games,,,
49-14,Necron Canoptek Spyder,Amazon,,,
49-13,Necron Doom Scythe,Games Workshop,,,
49-13,Necron Doom Scythe,Miniature Market,,,
49-13,Necron Doom Scythe,Noble Knight Games,,,
49-13,Necron Doom Scythe,Amazon,,,
49-12,Necron Doomsday Ark,Games Workshop,,,
49-12,Necron Doomsday Ark,Miniature Market,,,
49-12,Necron Doomsday Ark,Noble Knight Games,,,
49-12,Necron Doomsday Ark,Amazon,,,
49-20,Necron C'tan Shard of the Void Dragon,Games Workshop,,,
49-20,Necron C'tan Shard of the Void Dragon,Miniature Market,,,
49-20,Necron C'tan Shard of the Void Dragon,Noble Knight Games,,,
49-20,Necron C'tan Shard of the Void Dragon,Amazon,,,
49-21,Necron Psychomancer,Games Workshop,,,
49-21,Necron Psychomancer,Miniature Market,,,
49-21,Necron Psychomancer,Noble Knight Games,,,
49-21,Necron Psychomancer,Amazon,,,
49-22,Necron Royal Warden,Games Workshop,,,
49-22,Necron Royal Warden,Miniature Market,,,
49-22,Necron Royal Warden,Noble Knight Games,,,
49-22,Necron Royal Warden,Amazon,,,
50-10,Ork Boyz,Games Workshop,,,
50-10,Ork Boyz,Miniature Market,,,
50-10,Ork Boyz,Noble Knight Games,,,
50-10,Ork Boyz,Amazon,,,
50-05,Ork Warboss,Games Workshop,,,
50-05,Ork Warboss,Miniature Market,,,
50-05,Ork Warboss,Noble Knight Games,,,
50-05,Ork Warboss,Amazon,,,
50-14,Ork Lootas,Games Workshop,,,
50-14,Ork Lootas,Miniature Market,,,
50-14,Ork Lootas,Noble Knight Games,,,
50-14,Ork Lootas,Amazon,,,
50-09,Ork Nobz,Games Workshop,,,
50-09,Ork Nobz,Miniature Market,,,
50-09,Ork Nobz,Noble Knight Games,,,
50-09,Ork Nobz,Amazon,,,
50-12,Ork Meganobz,Games Workshop,,,
50-12,Ork Meganobz,Miniature Market,,,
50-12,Ork Meganobz,Noble Knight Games,,,
50-12,Ork Meganobz,Amazon,,,
50-16,Ork Deff Dread,Games Workshop,,,
50-16,Ork Deff Dread,Miniature Market,,,
50-16,Ork Deff Dread,Noble Knight Games,,,
50-16,Ork Deff Dread,Amazon,,,
50-15,Ork Killa Kans,Games Workshop,,,
50-15,Ork Killa Kans,Miniature Market,,,
50-15,Ork Killa Kans,Noble Knight Games,,,
50-15,Ork Killa Kans,Amazon,,,
50-22,Ork Battlewagon,Games Workshop,,,
50-22,Ork Battlewagon,Miniature Market,,,
50-22,Ork Battlewagon,Noble Knight Games,,,
50-22,Ork Battlewagon,Amazon,,,
50-11,Ork Trukk,Games Workshop,,,
50-11,Ork Trukk,Miniature Market,,,
50-11,Ork Trukk,Noble Knight Games,,,
50-11,Ork Trukk,Amazon,,,
50-02,Ork Warboss in Mega Armour,Games Workshop,,,
50-02,Ork Warboss in Mega Armour,Miniature Market,,,
50-02,Ork Warboss in Mega Armour,Noble Knight Games,,,
50-02,Ork Warboss in Mega Armour,Amazon,,,
50-20,Ork Flash Gitz,Games Workshop,,,
50-20,Ork Flash Gitz,Miniature Market,,,
50-20,Ork Flash Gitz,Noble Knight Games,,,
50-20,Ork Flash Gitz,Amazon,,,
71-18,Ork Combat Patrol,Games Workshop,,,
71-18,Ork Combat Patrol,Miniature Market,,,
71-18,Ork Combat Patrol,Noble Knight Games,,,
71-18,Ork Combat Patrol,Amazon,,,
56-06,T'au Fire Warriors,Games Workshop,,,
56-06,T'au Fire Warriors,Miniature Market,,,
56-06,T'au Fire Warriors,Noble Knight Games,,,
56-06,T'au Fire Warriors,Amazon,,,
56-13,T'au Broadside Battlesuit,Games Workshop,,,
56-13,T'au Broadside Battlesuit,Miniature Market,,,
56-13,T'au Broadside Battlesuit,Noble Knight Games,,,
56-13,T'au Broadside Battlesuit,Amazon,,,
56-14,T'au Stealth Battlesuits,Games Workshop,,,
56-14,T'au Stealth Battlesuits,Miniature Market,,,
56-14,T'au Stealth Battlesuits,Noble Knight Games,,,
56-14,T'au Stealth Battlesuits,Amazon,,,
56-15,T'au Crisis Battlesuits,Games Workshop,,,
56-15,T'au Crisis Battlesuits,Miniature Market,,,
56-15,T'au Crisis Battlesuits,Noble Knight Games,,,
56-15,T'au Crisis Battlesuits,Amazon,,,
56-16,T'au Riptide Battlesuit,Games Workshop,,,
56-16,T'au Riptide Battlesuit,Miniature Market,,,
56-16,T'au Riptide Battlesuit,Noble Knight Games,,,
56-16,T'au Riptide Battlesuit,Amazon,,,
56-19,T'au Pathfinders,Games Workshop,,,
56-19,T'au Pathfinders,Miniature Market,,,
56-19,T'au Pathfinders,Noble Knight Games,,,
56-19,T'au Pathfinders,Amazon,,,
56-10,T'au Hammerhead Gunship,Games Workshop,,,
56-10,T'au Hammerhead Gunship,Miniature Market,,,
56-10,T'au Hammerhead Gunship,Noble Knight Games,,,
56-10,T'au Hammerhead Gunship,Amazon,,,
56-22,T'au Ethereal,Games Workshop,,,
56-22,T'au Ethereal,Miniature Market,,,
56-22,T'au Ethereal,Noble Knight Games,,,
56-22,T'au Ethereal,Amazon,,,
56-25,T'au Combat Patrol,Games Workshop,,,
56-25,T'au Combat Patrol,Miniature Market,,,
56-25,T'au Combat Patrol,Noble Knight Games,,,
56-25,T'au Combat Patrol,Amazon,,,
96-11,Stormcast Eternals Liberators,Games Workshop,,,
96-11,Stormcast Eternals Liberators,Miniature Market,,,
96-11,Stormcast Eternals Liberators,Noble Knight Games,,,
96-11,Stormcast Eternals Liberators,Amazon,,,
96-12,Stormcast Eternals Judicators,Games Workshop,,,
96-12,Stormcast Eternals Judicators,Miniature Market,,,
96-12,Stormcast Eternals Judicators,Noble Knight Games,,,
96-12,Stormcast Eternals Judicators,Amazon,,,
96-14,Stormcast Eternals Lord-Celestant,Games Workshop,,,
96-14,Stormcast Eternals Lord-Celestant,Miniature Market,,,
96-14,Stormcast Eternals Lord-Celestant,Noble Knight Games,,,
96-14,Stormcast Eternals Lord-Celestant,Amazon,,,
71-55,Stormcast Eternals Vanguard,Games Workshop,,,
71-55,Stormcast Eternals Vanguard,Miniature Market,,,
71-55,Stormcast Eternals Vanguard,Noble Knight Games,,,
71-55,Stormcast Eternals Vanguard,Amazon,,,
96-55,Stormcast Eternals Praetors,Games Workshop,,,
96-55,Stormcast Eternals Praetors,Miniature Market,,,
96-55,Stormcast Eternals Praetors,Noble Knight Games,,,
96-55,Stormcast Eternals Praetors,Amazon,,,
96-50,Stormcast Eternals Vindictors,Games Workshop,,,
96-50,Stormcast Eternals Vindictors,Miniature Market,,,
96-50,Stormcast Eternals Vindictors,Noble Knight Games,,,
96-50,Stormcast Eternals Vindictors,Amazon,,,
90-10,Skaven Clanrats,Games Workshop,,,
90-10,Skaven Clanrats,Miniature Market,,,
90-10,Skaven Clanrats,Noble Knight Games,,,
90-10,Skaven Clanrats,Amazon,,,
90-17,Skaven Stormfiends,Games Workshop,,,
90-17,Skaven Stormfiends,Miniature Market,,,
90-17,Skaven Stormfiends,Noble Knight Games,,,
90-17,Skaven Stormfiends,Amazon,,,
90-12,Skaven Plague Monks,Games Workshop,,,
90-12,Skaven Plague Monks,Miniature Market,,,
90-12,Skaven Plague Monks,Noble Knight Games,,,
90-12,Skaven Plague Monks,Amazon,,,
91-10,Nighthaunt Chainrasps,Games Workshop,,,
91-10,Nighthaunt Chainrasps,Miniature Market,,,
91-10,Nighthaunt Chainrasps,Noble Knight Games,,,
91-10,Nighthaunt Chainrasps,Amazon,,,
91-12,Nighthaunt Grimghast Reapers,Games Workshop,,,
91-12,Nighthaunt Grimghast Reapers,Miniature Market,,,
91-12,Nighthaunt Grimghast Reapers,Noble Knight Games,,,
91-12,Nighthaunt Grimghast Reapers,Amazon,,,
91-14,Nighthaunt Bladegheist Revenants,Games Workshop,,,
91-14,Nighthaunt Bladegheist Revenants,Miniature Market,,,
91-14,Nighthaunt Bladegheist Revenants,Noble Knight Games,,,
91-14,Nighthaunt Bladegheist Revenants,Amazon,,,
91-02,Nighthaunt Lady Olynder,Games Workshop,,,
91-02,Nighthaunt Lady Olynder,Miniature Market,,,
91-02,Nighthaunt Lady Olynder,Noble Knight Games,,,
91-02,Nighthaunt Lady Olynder,Amazon,,,
91-25,Nighthaunt Combat Patrol,Games Workshop,,,
91-25,Nighthaunt Combat Patrol,Miniature Market,,,
91-25,Nighthaunt Combat Patrol,Noble Knight Games,,,
91-25,Nighthaunt Combat Patrol,Amazon,,,
91-15,Nighthaunt Knight of Shrouds,Games Workshop,,,
91-15,Nighthaunt Knight of Shrouds,Miniature Market,,,
91-15,Nighthaunt Knight of Shrouds,Noble Knight Games,,,
91-15,Nighthaunt Knight of Shrouds,Amazon,,,
91-06,Nighthaunt Hexwraiths,Games Workshop,,,
91-06,Nighthaunt Hexwraiths,Miniature Market,,,
91-06,Nighthaunt Hexwraiths,Noble Knight Games,,,
91-06,Nighthaunt Hexwraiths,Amazon,,,
94-10,Ossiarch Bonereapers Mortek Guard,Games Workshop,,,
94-10,Ossiarch Bonereapers Mortek Guard,Miniature Market,,,
94-10,Ossiarch Bonereapers Mortek Guard,Noble Knight Games,,,
94-10,Ossiarch Bonereapers Mortek Guard,Amazon,,,
94-12,Ossiarch Bonereapers Necropolis Stalkers,Games Workshop,,,
94-12,Ossiarch Bonereapers Necropolis Stalkers,Miniature Market,,,
94-12,Ossiarch Bonereapers Necropolis Stalkers,Noble Knight Games,,,
94-12,Ossiarch Bonereapers Necropolis Stalkers,Amazon,,,
94-14,Ossiarch Bonereapers Gothizzar Harvester,Games Workshop,,,
94-14,Ossiarch Bonereapers Gothizzar Harvester,Miniature Market,,,
94-14,Ossiarch Bonereapers Gothizzar Harvester,Noble Knight Games,,,
94-14,Ossiarch Bonereapers Gothizzar Harvester,Amazon,,,
91-35,Flesh-Eater Courts Crypt Ghouls,Games Workshop,,,
91-35,Flesh-Eater Courts Crypt Ghouls,Miniature Market,,,
91-35,Flesh-Eater Courts Crypt Ghouls,Noble Knight Games,,,
91-35,Flesh-Eater Courts Crypt Ghouls,Amazon,,,
91-07,Flesh-Eater Courts Crypt Horrors,Games Workshop,,,
91-07,Flesh-Eater Courts Crypt Horrors,Miniature Market,,,
91-07,Flesh-Eater Courts Crypt Horrors,Noble Knight Games,,,
91-07,Flesh-Eater Courts Crypt Horrors,Amazon,,,
91-32,Flesh-Eater Courts Terrorgheist,Games Workshop,,,
91-32,Flesh-Eater Courts Terrorgheist,Miniature Market,,,
91-32,Flesh-Eater Courts Terrorgheist,Noble Knight Games,,,
91-32,Flesh-Eater Courts Terrorgheist,Amazon,,,
89-10,Gloomspite Gitz Squig Herd,Games Workshop,,,
89-10,Gloomspite Gitz Squig Herd,Miniature Market,,,
89-10,Gloomspite Gitz Squig Herd,Noble Knight Games,,,
89-10,Gloomspite Gitz Squig Herd,Amazon,,,
89-11,Gloomspite Gitz Squig Hoppers,Games Workshop,,,
89-11,Gloomspite Gitz Squig Hoppers,Miniature Market,,,
89-11,Gloomspite Gitz Squig Hoppers,Noble Knight Games,,,
89-11,Gloomspite Gitz Squig Hoppers,Amazon,,,
89-12,Gloomspite Gitz Fanatics,Games Workshop,,,
89-12,Gloomspite Gitz Fanatics,Miniature Market,,,
89-12,Gloomspite Gitz Fanatics,Noble Knight Games,,,
89-12,Gloomspite Gitz Fanatics,Amazon,,,
89-20,Orruk Warclans Ironjawz Brutes,Games Workshop,,,
89-20,Orruk Warclans Ironjawz Brutes,Miniature Market,,,
89-20,Orruk Warclans Ironjawz Brutes,Noble Knight Games,,,
89-20,Orruk Warclans Ironjawz Brutes,Amazon,,,
89-22,Orruk Warclans Kruleboyz Gutrippaz,Games Workshop,,,
89-22,Orruk Warclans Kruleboyz Gutrippaz,Miniature Market,,,
89-22,Orruk Warclans Kruleboyz Gutrippaz,Noble Knight Games,,,
89-22,Orruk Warclans Kruleboyz Gutrippaz,Amazon,,,
89-30,Orruk Warclans Ardboys,Games Workshop,,,
89-30,Orruk Warclans Ardboys,Miniature Market,,,
89-30,Orruk Warclans Ardboys,Noble Knight Games,,,
89-30,Orruk Warclans Ardboys,Amazon,,,
85-06,Daughters of Khaine Witch Aelves,Games Workshop,,,
85-06,Daughters of Khaine Witch Aelves,Miniature Market,,,
85-06,Daughters of Khaine Witch Aelves,Noble Knight Games,,,
85-06,Daughters of Khaine Witch Aelves,Amazon,,,
85-02,Daughters of Khaine Morathi-Khaine,Games Workshop,,,
85-02,Daughters of Khaine Morathi-Khaine,Miniature Market,,,
85-02,Daughters of Khaine Morathi-Khaine,Noble Knight Games,,,
85-02,Daughters of Khaine Morathi-Khaine,Amazon,,,
85-17,Daughters of Khaine Sisters of Slaughter,Games Workshop,,,
85-17,Daughters of Khaine Sisters of Slaughter,Miniature Market,,,
85-17,Daughters of Khaine Sisters of Slaughter,Noble Knight Games,,,
85-17,Daughters of Khaine Sisters of Slaughter,Amazon,,,
87-06,Lumineth Realm-lords Vanari Auralan Wardens,Games Workshop,,,
87-06,Lumineth Realm-lords Vanari Auralan Wardens,Miniature Market,,,
87-06,Lumineth Realm-lords Vanari Auralan Wardens,Noble Knight Games,,,
87-06,Lumineth Realm-lords Vanari Auralan Wardens,Amazon,,,
87-08,Lumineth Realm-lords Alarith Stoneguard,Games Workshop,,,
87-08,Lumineth Realm-lords Alarith Stoneguard,Miniature Market,,,
87-08,Lumineth Realm-lords Alarith Stoneguard,Noble Knight Games,,,
87-08,Lumineth Realm-lords Alarith Stoneguard,Amazon,,,
83-10,Slaves to Darkness Chaos Warriors,Games Workshop,,,
83-10,Slaves to Darkness Chaos Warriors,Miniature Market,,,
83-10,Slaves to Darkness Chaos Warriors,Noble Knight Games,,,
83-10,Slaves to Darkness Chaos Warriors,Amazon,,,
83-14,Slaves to Darkness Varanguard,Games Workshop,,,
83-14,Slaves to Darkness Varanguard,Miniature Market,,,
83-14,Slaves to Darkness Varanguard,Noble Knight Games,,,
83-14,Slaves to Darkness Varanguard,Amazon,,,
83-30,Blades of Khorne Bloodreavers,Games Workshop,,,
83-30,Blades of Khorne Bloodreavers,Miniature Market,,,
83-30,Blades of Khorne Bloodreavers,Noble Knight Games,,,
83-30,Blades of Khorne Bloodreavers,Amazon,,,
97-10,Blades of Khorne Bloodletters,Games Workshop,,,
97-10,Blades of Khorne Bloodletters,Miniature Market,,,
97-10,Blades of Khorne Bloodletters,Noble Knight Games,,,
97-10,Blades of Khorne Bloodletters,Amazon,,,
83-20,Maggotkin of Nurgle Plaguebearers,Games Workshop,,,
83-20,Maggotkin of Nurgle Plaguebearers,Miniature Market,,,
83-20,Maggotkin of Nurgle Plaguebearers,Noble Knight Games,,,
83-20,Maggotkin of Nurgle Plaguebearers,Amazon,,,
83-22,Maggotkin of Nurgle Putrid Blightkings,Games Workshop,,,
83-22,Maggotkin of Nurgle Putrid Blightkings,Miniature Market,,,
83-22,Maggotkin of Nurgle Putrid Blightkings,Noble Knight Games,,,
83-22,Maggotkin of Nurgle Putrid Blightkings,Amazon,,,
83-40,Disciples of Tzeentch Tzaangors,Games Workshop,,,
83-40,Disciples of Tzeentch Tzaangors,Miniature Market,,,
83-40,Disciples of Tzeentch Tzaangors,Noble Knight Games,,,
83-40,Disciples of Tzeentch Tzaangors,Amazon,,,
97-12,Disciples of Tzeentch Pink Horrors,Games Workshop,,,
97-12,Disciples of Tzeentch Pink Horrors,Miniature Market,,,
97-12,Disciples of Tzeentch Pink Horrors,Noble Knight Games,,,
97-12,Disciples of Tzeentch Pink Horrors,Amazon,,,
86-15,Cities of Sigmar Freeguild Fusiliers,Games Workshop,,,
86-15,Cities of Sigmar Freeguild Fusiliers,Miniature Market,,,
86-15,Cities of Sigmar Freeguild Fusiliers,Noble Knight Games,,,
86-15,Cities of Sigmar Freeguild Fusiliers,Amazon,,,
80-15,Age of Sigmar Warrior Starter Set,Games Workshop,,,
80-15,Age of Sigmar Warrior Starter Set,Miniature Market,,,
80-15,Age of Sigmar Warrior Starter Set,Noble Knight Games,,,
80-15,Age of Sigmar Warrior Starter Set,Amazon,,,
80-01,Age of Sigmar Core Rules,Games Workshop,,,
80-01,Age of Sigmar Core Rules,Miniature Market,,,
80-01,Age of Sigmar Core Rules,Noble Knight Games,,,
80-01,Age of Sigmar Core Rules,Amazon,,,
80-20,Age of Sigmar Dice Set,Games Workshop,,,
80-20,Age of Sigmar Dice Set,Miniature Market,,,
80-20,Age of Sigmar Dice Set,Noble Knight Games,,,
80-20,Age of Sigmar Dice Set,Amazon,,,
40-02,Leviathan (10th Edition Starter Set),Games Workshop,,,
40-02,Leviathan (10th Edition Starter Set),Miniature Market,,,
40-02,Leviathan (10th Edition Starter Set),Noble Knight Games,,,
40-02,Leviathan (10th Edition Starter Set),Amazon,,,
40-03,Warhammer 40000 Starter Set,Games Workshop,,,
40-03,Warhammer 40000 Starter Set,Miniature Market,,,
40-03,Warhammer 40000 Starter Set,Noble Knight Games,,,
40-03,Warhammer 40000 Starter Set,Amazon,,,
40-01,Warhammer 40000 Core Rules,Games Workshop,,,
40-01,Warhammer 40000 Core Rules,Miniature Market,,,
40-01,Warhammer 40000 Core Rules,Noble Knight Games,,,
40-01,Warhammer 40000 Core Rules,Amazon,,,
40-10,Warhammer 40000 Chapter Approved Leviathan,Games Workshop,,,
40-10,Warhammer 40000 Chapter Approved Leviathan,Miniature Market,,,
40-10,Warhammer 40000 Chapter Approved Leviathan,Noble Knight Games,,,
40-10,Warhammer 40000 Chapter Approved Leviathan,Amazon,,,
40-20,Warhammer 40000 Dice Set,Games Workshop,,,
40-20,Warhammer 40000 Dice Set,Miniature Market,,,
40-20,Warhammer 40000 Dice Set,Noble Knight Games,,,
40-20,Warhammer 40000 Dice Set,Amazon,,,
40-21,Warhammer 40000 Measuring Tape,Games Workshop,,,
40-21,Warhammer 40000 Measuring Tape,Miniature Market,,,
40-21,Warhammer 40000 Measuring Tape,Noble Knight Games,,,
40-21,Warhammer 40000 Measuring Tape,Amazon,,,
HH-001,Horus Heresy Age of Darkness,Games Workshop,,,
HH-001,Horus Heresy Age of Darkness,Miniature Market,,,
HH-001,Horus Heresy Age of Darkness,Noble Knight Games,,,
HH-001,Horus Heresy Age of Darkness,Amazon,,,
HA-001,MKVI Tactical Squad,Games Workshop,,,
HA-001,MKVI Tactical Squad,Miniature Market,,,
HA-001,MKVI Tactical Squad,Noble Knight Games,,,
HA-001,MKVI Tactical Squad,Amazon,,,
HA-002,Contemptor Dreadnought,Games Workshop,,,
HA-002,Contemptor Dreadnought,Miniature Market,,,
HA-002,Contemptor Dreadnought,Noble Knight Games,,,
HA-002,Contemptor Dreadnought,Amazon,,,
HA-010,Horus Heresy MKVI Assault Squad,Games Workshop,,,
HA-010,Horus Heresy MKVI Assault Squad,Miniature Market,,,
HA-010,Horus Heresy MKVI Assault Squad,Noble Knight Games,,,
HA-010,Horus Heresy MKVI Assault Squad,Amazon,,,
HA-011,Horus Heresy MKIII Iron Armour Squad,Games Workshop,,,
HA-011,Horus Heresy MKIII Iron Armour Squad,Miniature Market,,,
HA-011,Horus Heresy MKIII Iron Armour Squad,Noble Knight Games,,,
HA-011,Horus Heresy MKIII Iron Armour Squad,Amazon,,,
HA-012,Horus Heresy MKIV Power Armour Squad,Games Workshop,,,
HA-012,Horus Heresy MKIV Power Armour Squad,Miniature Market,,,
HA-012,Horus Heresy MKIV Power Armour Squad,Noble Knight Games,,,
HA-012,Horus Heresy MKIV Power Armour Squad,Amazon,,,
HA-020,Horus Heresy Contemptor Dreadnought,Games Workshop,,,
HA-020,Horus Heresy Contemptor Dreadnought,Miniature Market,,,
HA-020,Horus Heresy Contemptor Dreadnought,Noble Knight Games,,,
HA-020,Horus Heresy Contemptor Dreadnought,Amazon,,,
HA-021,Horus Heresy Leviathan Dreadnought,Games Workshop,,,
HA-021,Horus Heresy Leviathan Dreadnought,Miniature Market,,,
HA-021,Horus Heresy Leviathan Dreadnought,Noble Knight Games,,,
HA-021,Horus Heresy Leviathan Dreadnought,Amazon,,,
HA-030,Horus Heresy Cataphractii Terminators,Games Workshop,,,
HA-030,Horus Heresy Cataphractii Terminators,Miniature Market,,,
HA-030,Horus Heresy Cataphractii Terminators,Noble Knight Games,,,
HA-030,Horus Heresy Cataphractii Terminators,Amazon,,,
HA-040,Horus Heresy Spartan Assault Tank,Games Workshop,,,
HA-040,Horus Heresy Spartan Assault Tank,Miniature Market,,,
HA-040,Horus Heresy Spartan Assault Tank,Noble Knight Games,,,
HA-040,Horus Heresy Spartan Assault Tank,Amazon,,,
HA-041,Horus Heresy Sicaran Battle Tank,Games Workshop,,,
HA-041,Horus Heresy Sicaran Battle Tank,Miniature Market,,,
HA-041,Horus Heresy Sicaran Battle Tank,Noble Knight Games,,,
HA-041,Horus Heresy Sicaran Battle Tank,Amazon,,,
HA-050,Horus Heresy Praetor in Terminator Armour,Games Workshop,,,
HA-050,Horus Heresy Praetor in Terminator Armour,Miniature Market,,,
HA-050,Horus Heresy Praetor in Terminator Armour,Noble Knight Games,,,
HA-050,Horus Heresy Praetor in Terminator Armour,Amazon,,,
HA-051,Horus Heresy Chaplain in Terminator Armour,Games Workshop,,,
HA-051,Horus Heresy Chaplain in Terminator Armour,Miniature Market,,,
HA-051,Horus Heresy Chaplain in Terminator Armour,Noble Knight Games,,,
HA-051,Horus Heresy Chaplain in Terminator Armour,Amazon,,,
KT-001,Kill Team Nightmare,Games Workshop,,,
KT-001,Kill Team Nightmare,Miniature Market,,,
KT-001,Kill Team Nightmare,Noble Knight Games,,,
KT-001,Kill Team Nightmare,Amazon,,,
KT-002,Kill Team Into the Dark,Games Workshop,,,
KT-002,Kill Team Into the Dark,Miniature Market,,,
KT-002,Kill Team Into the Dark,Noble Knight Games,,,
KT-002,Kill Team Into the Dark,Amazon,,,
KT-003,Kill Team Starter Set,Games Workshop,,,
KT-003,Kill Team Starter Set,Miniature Market,,,
KT-003,Kill Team Starter Set,Noble Knight Games,,,
KT-003,Kill Team Starter Set,Amazon,,,
KT-100,Kill Team Starter Set (Boxed),Games Workshop,,,
KT-100,Kill Team Starter Set (Boxed),Miniature Market,,,
KT-100,Kill Team Starter Set (Boxed),Noble Knight Games,,,
KT-100,Kill Team Starter Set (Boxed),Amazon,,,
KT-101,Kill Team Void-Dancer Troupe,Games Workshop,,,
KT-101,Kill Team Void-Dancer Troupe,Miniature Market,,,
KT-101,Kill Team Void-Dancer Troupe,Noble Knight Games,,,
KT-101,Kill Team Void-Dancer Troupe,Amazon,,,
KT-102,Kill Team Salvation,Games Workshop,,,
KT-102,Kill Team Salvation,Miniature Market,,,
KT-102,Kill Team Salvation,Noble Knight Games,,,
KT-102,Kill Team Salvation,Amazon,,,
KT-103,Kill Team Veteran Guardsmen,Games Workshop,,,
KT-103,Kill Team Veteran Guardsmen,Miniature Market,,,
KT-103,Kill Team Veteran Guardsmen,Noble Knight Games,,,
KT-103,Kill Team Veteran Guardsmen,Amazon,,,
KT-104,Kill Team Chaos Legionaries,Games Workshop,,,
KT-104,Kill Team Chaos Legionaries,Miniature Market,,,
KT-104,Kill Team Chaos Legionaries,Noble Knight Games,,,
KT-104,Kill Team Chaos Legionaries,Amazon,,,
KT-105,Kill Team Intercession Squad,Games Workshop,,,
KT-105,Kill Team Intercession Squad,Miniature Market,,,
KT-105,Kill Team Intercession Squad,Noble Knight Games,,,
KT-105,Kill Team Intercession Squad,Amazon,,,
KT-106,Kill Team Hunter Clade,Games Workshop,,,
KT-106,Kill Team Hunter Clade,Miniature Market,,,
KT-106,Kill Team Hunter Clade,Noble Knight Games,,,
KT-106,Kill Team Hunter Clade,Amazon,,,
KT-107,Kill Team Exaction Squad,Games Workshop,,,
KT-107,Kill Team Exaction Squad,Miniature Market,,,
KT-107,Kill Team Exaction Squad,Noble Knight Games,,,
KT-107,Kill Team Exaction Squad,Amazon,,,
KT-108,Kill Team Salvation (Boxed Set),Games Workshop,,,
KT-108,Kill Team Salvation (Boxed Set),Miniature Market,,,
KT-108,Kill Team Salvation (Boxed Set),Noble Knight Games,,,
KT-108,Kill Team Salvation (Boxed Set),Amazon,,,
KT-109,Kill Team Terrain Killzone Essentials,Games Workshop,,,
KT-109,Kill Team Terrain Killzone Essentials,Miniature Market,,,
KT-109,Kill Team Terrain Killzone Essentials,Noble Knight Games,,,
KT-109,Kill Team Terrain Killzone Essentials,Amazon,,,
KT-110,Kill Team Compendium,Games Workshop,,,
KT-110,Kill Team Compendium,Miniature Market,,,
KT-110,Kill Team Compendium,Noble Knight Games,,,
KT-110,Kill Team Compendium,Amazon,,,
NM-010,Necromunda Escher Gang,Games Workshop,,,
NM-010,Necromunda Escher Gang,Miniature Market,,,
NM-010,Necromunda Escher Gang,Noble Knight Games,,,
NM-010,Necromunda Escher Gang,Amazon,,,
NM-011,Necromunda Goliath Gang,Games Workshop,,,
NM-011,Necromunda Goliath Gang,Miniature Market,,,
NM-011,Necromunda Goliath Gang,Noble Knight Games,,,
NM-011,Necromunda Goliath Gang,Amazon,,,
NM-012,Necromunda Van Saar Gang,Games Workshop,,,
NM-012,Necromunda Van Saar Gang,Miniature Market,,,
NM-012,Necromunda Van Saar Gang,Noble Knight Games,,,
NM-012,Necromunda Van Saar Gang,Amazon,,,
NM-020,Necromunda Underhive Terrain Set,Games Workshop,,,
NM-020,Necromunda Underhive Terrain Set,Miniature Market,,,
NM-020,Necromunda Underhive Terrain Set,Noble Knight Games,,,
NM-020,Necromunda Underhive Terrain Set,Amazon,,,
WC-100,Warcry Starter Set,Games Workshop,,,
WC-100,Warcry Starter Set,Miniature Market,,,
WC-100,Warcry Starter Set,Noble Knight Games,,,
WC-100,Warcry Starter Set,Amazon,,,
WC-101,Warcry Heart of Ghur,Games Workshop,,,
WC-101,Warcry Heart of Ghur,Miniature Market,,,
WC-101,Warcry Heart of Ghur,Noble Knight Games,,,
WC-101,Warcry Heart of Ghur,Amazon,,,
WC-102,Warcry Hunter and Hunted,Games Workshop,,,
WC-102,Warcry Hunter and Hunted,Miniature Market,,,
WC-102,Warcry Hunter and Hunted,Noble Knight Games,,,
WC-102,Warcry Hunter and Hunted,Amazon,,,
CP-001,Citadel Contrast Paint,Games Workshop,,,
CP-001,Citadel Contrast Paint,Miniature Market,,,
CP-001,Citadel Contrast Paint,Noble Knight Games,,,
CP-001,Citadel Contrast Paint,Amazon,,,
CP-002,Citadel Contrast Wraithbone,Games Workshop,,,
CP-002,Citadel Contrast Wraithbone,Miniature Market,,,
CP-002,Citadel Contrast Wraithbone,Noble Knight Games,,,
CP-002,Citadel Contrast Wraithbone,Amazon,,,
CP-003,Citadel Contrast Blood Angels Red,Games Workshop,,,
CP-003,Citadel Contrast Blood Angels Red,Miniature Market,,,
CP-003,Citadel Contrast Blood Angels Red,Noble Knight Games,,,
CP-003,Citadel Contrast Blood Angels Red,Amazon,,,
CP-005,Citadel Colour Contrast Paint Bundle x5,Games Workshop,,,
CP-005,Citadel Colour Contrast Paint Bundle x5,Miniature Market,,,
CP-005,Citadel Colour Contrast Paint Bundle x5,Noble Knight Games,,,
CP-005,Citadel Colour Contrast Paint Bundle x5,Amazon,,,
CP-010,Citadel Contrast Paint Bundle x10,Games Workshop,,,
CP-010,Citadel Contrast Paint Bundle x10,Miniature Market,,,
CP-010,Citadel Contrast Paint Bundle x10,Noble Knight Games,,,
CP-010,Citadel Contrast Paint Bundle x10,Amazon,,,
BP-001,Citadel Base Paint,Games Workshop,,,
BP-001,Citadel Base Paint,Miniature Market,,,
BP-001,Citadel Base Paint,Noble Knight Games,,,
BP-001,Citadel Base Paint,Amazon,,,
LP-001,Citadel Layer Paint,Games Workshop,,,
LP-001,Citadel Layer Paint,Miniature Market,,,
LP-001,Citadel Layer Paint,Noble Knight Games,,,
LP-001,Citadel Layer Paint,Amazon,,,
DP-001,Citadel Dry Paint,Games Workshop,,,
DP-001,Citadel Dry Paint,Miniature Market,,,
DP-001,Citadel Dry Paint,Noble Knight Games,,,
DP-001,Citadel Dry Paint,Amazon,,,
AP-001,Citadel Air Paint,Games Workshop,,,
AP-001,Citadel Air Paint,Miniature Market,,,
AP-001,Citadel Air Paint,Noble Knight Games,,,
AP-001,Citadel Air Paint,Amazon,,,
SP-001,Citadel Shade Nuln Oil,Games Workshop,,,
SP-001,Citadel Shade Nuln Oil,Miniature Market,,,
SP-001,Citadel Shade Nuln Oil,Noble Knight Games,,,
SP-001,Citadel Shade Nuln Oil,Amazon,,,
SP-002,Citadel Shade Agrax Earthshade,Games Workshop,,,
SP-002,Citadel Shade Agrax Earthshade,Miniature Market,,,
SP-002,Citadel Shade Agrax Earthshade,Noble Knight Games,,,
SP-002,Citadel Shade Agrax Earthshade,Amazon,,,
SP-003,Citadel Shade Reikland Fleshshade,Games Workshop,,,
SP-003,Citadel Shade Reikland Fleshshade,Miniature Market,,,
SP-003,Citadel Shade Reikland Fleshshade,Noble Knight Games,,,
SP-003,Citadel Shade Reikland Fleshshade,Amazon,,,
TCP-001,Citadel Technical Paint,Games Workshop,,,
TCP-001,Citadel Technical Paint,Miniature Market,,,
TCP-001,Citadel Technical Paint,Noble Knight Games,,,
TCP-001,Citadel Technical Paint,Amazon,,,
TE-001,Citadel Technical Paint Nihilakh Oxide,Games Workshop,,,
TE-001,Citadel Technical Paint Nihilakh Oxide,Miniature Market,,,
TE-001,Citadel Technical Paint Nihilakh Oxide,Noble Knight Games,,,
TE-001,Citadel Technical Paint Nihilakh Oxide,Amazon,,,
CSP-001,Citadel Spray Chaos Black,Games Workshop,,,
CSP-001,Citadel Spray Chaos Black,Miniature Market,,,
CSP-001,Citadel Spray Chaos Black,Noble Knight Games,,,
CSP-001,Citadel Spray Chaos Black,Amazon,,,
CSP-002,Citadel Spray Wraithbone,Games Workshop,,,
CSP-002,Citadel Spray Wraithbone,Miniature Market,,,
CSP-002,Citadel Spray Wraithbone,Noble Knight Games,,,
CSP-002,Citadel Spray Wraithbone,Amazon,,,
CSP-003,Citadel Spray Corax White,Games Workshop,,,
CSP-003,Citadel Spray Corax White,Miniature Market,,,
CSP-003,Citadel Spray Corax White,Noble Knight Games,,,
CSP-003,Citadel Spray Corax White,Amazon,,,
CSP-004,Citadel Spray Zandri Dust,Games Workshop,,,
CSP-004,Citadel Spray Zandri Dust,Miniature Market,,,
CSP-004,Citadel Spray Zandri Dust,Noble Knight Games,,,
CSP-004,Citadel Spray Zandri Dust,Amazon,,,
BS-001,Citadel Colour Base Paint Set,Games Workshop,,,
BS-001,Citadel Colour Base Paint Set,Miniature Market,,,
BS-001,Citadel Colour Base Paint Set,Noble Knight Games,,,
BS-001,Citadel Colour Base Paint Set,Amazon,,,
BS-002,Citadel Colour Shade Set,Games Workshop,,,
BS-002,Citadel Colour Shade Set,Miniature Market,,,
BS-002,Citadel Colour Shade Set,Noble Knight Games,,,
BS-002,Citadel Colour Shade Set,Amazon,,,
PH-001,Citadel Painting Handle,Games Workshop,,,
PH-001,Citadel Painting Handle,Miniature Market,,,
PH-001,Citadel Painting Handle,Noble Knight Games,,,
PH-001,Citadel Painting Handle,Amazon,,,
PH-002,Citadel Painting Handle XL,Games Workshop,,,
PH-002,Citadel Painting Handle XL,Miniature Market,,,
PH-002,Citadel Painting Handle XL,Noble Knight Games,,,
PH-002,Citadel Painting Handle XL,Amazon,,,
TP-001,Citadel Texture Paint Astrogranite,Games Workshop,,,
TP-001,Citadel Texture Paint Astrogranite,Miniature Market,,,
TP-001,Citadel Texture Paint Astrogranite,Noble Knight Games,,,
TP-001,Citadel Texture Paint Astrogranite,Amazon,,,
PM-001,Citadel Painting Mat,Games Workshop,,,
PM-001,Citadel Painting Mat,Miniature Market,,,
PM-001,Citadel Painting Mat,Noble Knight Games,,,
PM-001,Citadel Painting Mat,Amazon,,,
WP-001,Citadel Water Pot,Games Workshop,,,
WP-001,Citadel Water Pot,Miniature Market,,,
WP-001,Citadel Water Pot,Noble Knight Games,,,
WP-001,Citadel Water Pot,Amazon,,,
DB-001,Citadel Detail Brush Set,Games Workshop,,,
DB-001,Citadel Detail Brush Set,Miniature Market,,,
DB-001,Citadel Detail Brush Set,Noble Knight Games,,,
DB-001,Citadel Detail Brush Set,Amazon,,,
MR-001,Citadel Mouldline Remover,Games Workshop,,,
MR-001,Citadel Mouldline Remover,Miniature Market,,,
MR-001,Citadel Mouldline Remover,Noble Knight Games,,,
MR-001,Citadel Mouldline Remover,Amazon,,,
PG-001,Citadel Plastic Glue,Games Workshop,,,
PG-001,Citadel Plastic Glue,Miniature Market,,,
PG-001,Citadel Plastic Glue,Noble Knight Games,,,
PG-001,Citadel Plastic Glue,Amazon,,,
SG-001,Citadel Super Glue,Games Workshop,,,
SG-001,Citadel Super Glue,Miniature Market,,,
SG-001,Citadel Super Glue,Noble Knight Games,,,
SG-001,Citadel Super Glue,Amazon,,,
