card_name,db_name,gw_sku,faction,include
Ancient in Terminator Armor,Ancient in Terminator Armour,SKU: 48-99,Iron_Hands Pts,Yes
Assault Intercessors with Jump Packs,Assault Intercessors with Jump Packs,SKU: 48-100,Iron_Hands Pts,Yes
Chaplain with Jump Pack,Blood Angels Chaplain With Jump Pack,SKU: 41-27,Iron_Hands Pts,Yes
Librarian in Terminator Armour,Blood Angels Librarian in Terminator Armour,SKU: 41-28,Iron_Hands Pts,Yes
Caanok Var,Caanok Var,SKU: 61-01,Iron_Hands Pts,Yes
Captain in Gravis Armour,Captain in Gravis Armour,SKU: 48-101,Iron_Hands Pts,Yes
Captain in Phobos Armour,Captain in Phobos Armour,SKU: 48-102,Iron_Hands Pts,Yes
Captain in Terminator Armour,Captain in Terminator Armour,SKU: 48-103,Iron_Hands Pts,Yes
Captain with Jump Pack,Captain with Jump Pack,SKU: 48-105,Iron_Hands Pts,Yes
Captain,Captain with Relic Shield,SKU: 48-106,Iron_Hands Pts,Yes
Centurion Assault Squad,Centurion Assault Squad,SKU: 48-107,Iron_Hands Pts,Yes
Centurion Devastator Squad,Centurion Devastator Squad,SKU: 48-108,Iron_Hands Pts,Yes
Chaplain on Bike,Chaplain on Bike,SKU: 48-109,Iron_Hands Pts,Yes
Desolation Squad,Desolation Squad,SKU: 48-111,Iron_Hands Pts,Yes
Drop Pod,Drop Pods,SKU: 48-112,Iron_Hands Pts,Yes
Gladiator Lancer,Gladiator Lancer,SKU: 48-113,Iron_Hands Pts,Yes
Gladiator Reaper,Gladiator Reaper,SKU: 48-114,Iron_Hands Pts,Yes
Gladiator Valiant,Gladiator Valiant,SKU: 48-115,Iron_Hands Pts,Yes
Heavy Intercessor Squad,Heavy Intercessor Squad,SKU: 48-116,Iron_Hands Pts,Yes
Hellblaster Squad,Hellblaster Squad,SKU: 48-117,Iron_Hands Pts,Yes
Invictor Tactical Warsuit,Invictor Tactical Warsuit,SKU: 48-118,Iron_Hands Pts,Yes
Iron Father Feirros,Iron Father Feirros,SKU: 61-02,Iron_Hands Pts,Yes
Land Raider Redeemer,Land Raider Redeemer,SKU: 48-119,Iron_Hands Pts,Yes
Lieutenant in Reiver Armour,Lieutenant in Reiver Armour,SKU: 48-121,Iron_Hands Pts,Yes
Librarian in Phobos Armour,Primaris Librarian in Phobos Armour,SKU: 48-125,Iron_Hands Pts,Yes
Razorback,Razorback,SKU: 48-126,Iron_Hands Pts,Yes
Reiver Squad,Reiver Squad,SKU: 48-127,Iron_Hands Pts,Yes
Rhino,Rhino,SKU: 48-128,Iron_Hands Pts,Yes
Aggressor Squad,Space Marine Aggressors,SKU: 48-92,Iron_Hands Pts,Yes
Ancient,Space Marine Ancient,SKU: 48-34,Iron_Hands Pts,Yes
Apothecary,Space Marine Apothecary,SKU: 48-33,Iron_Hands Pts,Yes
Apothecary Biologis,Space Marine Apothecary,SKU: 48-33,Iron_Hands Pts,Yes
Assault Intercessor Squad,Space Marine Assault Intercessors,SKU: 48-76,Iron_Hands Pts,Yes
Ballistus Dreadnought,Space Marine Ballistus Dreadnought,SKU: 48-46,Iron_Hands Pts,Yes
Bladeguard Veteran Squad,Space Marine Bladeguard Veterans,SKU: 48-38,Iron_Hands Pts,Yes
Brutalis Dreadnought,Space Marine Brutalis Dreadnought,SKU: 48-44,Iron_Hands Pts,Yes
Chaplain,Space Marine Chaplain,SKU: 48-32,Iron_Hands Pts,Yes
Chaplain in Terminator Armour,Space Marine Chaplain in Terminator Armour,SKU: HA-051,Iron_Hands Pts,Yes
Company Heroes,Space Marine Company Heroes,SKU: 48-37,Iron_Hands Pts,Yes
Devastator Squad,Space Marine Devastator Squad,SKU: 48-15,Iron_Hands Pts,Yes
Eradicator Squad,Space Marine Eradicators,SKU: 48-39,Iron_Hands Pts,Yes
Firestrike Servo-Turrets,Space Marine Firestrike Servo-Turrets,SKU: 48-28,Iron_Hands Pts,Yes
Impulsor,Space Marine Impulsor,SKU: 48-94,Iron_Hands Pts,Yes
Inceptor Squad,Space Marine Inceptors,SKU: 48-97,Iron_Hands Pts,Yes
Incursor Squad,Space Marine Incursors,SKU: 48-96,Iron_Hands Pts,Yes
Infernus Squad,Space Marine Infernus Squad,SKU: 48-45,Iron_Hands Pts,Yes
Infiltrator Squad,Space Marine Infiltrators,SKU: 48-41,Iron_Hands Pts,Yes
Intercessor Squad,Space Marine Intercessors,SKU: 48-75,Iron_Hands Pts,Yes
Invader ATV,Space Marine Invader ATV,SKU: 48-42,Iron_Hands Pts,Yes
Judiciar,Space Marine Judiciar,,Iron_Hands Pts,
Land Raider,Space Marine Land Raider Crusader,SKU: 48-22,Iron_Hands Pts,Yes
Land Raider Crusader,Space Marine Land Raider Crusader,SKU: 48-22,Iron_Hands Pts,Yes
Librarian,Space Marine Librarian,SKU: 48-30,Iron_Hands Pts,Yes
Outrider Squad,Space Marine Outriders,SKU: 48-40,Iron_Hands Pts,Yes
Predator Annihilator,Space Marine Predator,SKU: 48-23,Iron_Hands Pts,Yes
Predator Destructor,Space Marine Predator,SKU: 48-23,Iron_Hands Pts,Yes
Eliminator Squad,Space Marine Primaris Eliminators,SKU: 48-98,Iron_Hands Pts,Yes
Lieutenant,Space Marine Primaris Lieutenant,SKU: 48-61,Iron_Hands Pts,Yes
Redemptor Dreadnought,Space Marine Redemptor Dreadnought,SKU: 48-93,Iron_Hands Pts,Yes
Repulsor,Space Marine Repulsor Executioner,SKU: 48-95,Iron_Hands Pts,Yes
Repulsor Executioner,Space Marine Repulsor Executioner,SKU: 48-95,Iron_Hands Pts,Yes
Scout Squad,Space Marine Scouts,SKU: 48-29,Iron_Hands Pts,Yes
Sternguard Veteran Squad,Space Marine Sternguard Veteran Squad,SKU: 48-43,Iron_Hands Pts,Yes
Suppressor Squad,Space Marine Suppressors,,Iron_Hands Pts,
Tactical Squad,Space Marine Tactical Squad,SKU: 48-07,Iron_Hands Pts,Yes
Terminator Squad,Space Marine Terminator Squad,SKU: 48-06,Iron_Hands Pts,Yes
Vanguard Veteran Squad with Jump Packs,Space Marine Vanguard Veteran Squad,SKU: 48-08,Iron_Hands Pts,Yes
Vindicator,Space Marine Vindicator,SKU: 48-26,Iron_Hands Pts,Yes
Whirlwind,Space Marine Whirlwind,SKU: 48-25,Iron_Hands Pts,Yes
Storm Speeder Hailstrike,Storm Speeder Hailstrike,SKU: 48-131,Iron_Hands Pts,Yes
Storm Speeder Hammerstrike,Storm Speeder Hammerstrike,SKU: 48-132,Iron_Hands Pts,Yes
Storm Speeder Thunderstrike,Storm Speeder Thunderstrike,SKU: 48-133,Iron_Hands Pts,Yes
Stormhawk Interceptor,Stormhawk Interceptor,SKU: 48-129,Iron_Hands Pts,Yes
Stormraven Gunship,Stormraven Gunship,SKU: 48-130,Iron_Hands Pts,Yes
Stormtalon Gunship,Stormtalon Gunship,SKU: 48-134,Iron_Hands Pts,Yes
Techmarine,Techmarine,SKU: 48-135,Iron_Hands Pts,Yes
Terminator Assault Squad,Terminator Assault Squad,SKU: 48-136,Iron_Hands Pts,Yes
Dreadnought,Venerable Dreadnought,SKU: 48-137,Iron_Hands Pts,Yes
Bladeguard Ancient,,,Iron_Hands Pts,
Lieutenant in Phobos Armour,,,Iron_Hands Pts,
Lieutenant with Combi-weapon,,,Iron_Hands Pts,
Astraeus,,,Iron_Hands Pts,
Thunderhawk Gunship,,,Iron_Hands Pts,
